"","Var1","Var2","theta[feasible_index]","KLD.results$KLD$Men_KLD","KLD.results$KLD$Women_KLD","KLD.results$KLD$Pop_KLD","KLD.results$pop_variance"
"1",0.01,0.51,0.5,0.0217847693268742,0.0190091910855955,0.0407939604124697,1.03491999095917
"2",0.02,0.51,0.999999999999999,-2.54581387339441e-05,-2.54619942067378e-05,-5.09201329406819e-05,0.998954687306928
"26",0.01,0.52,0.25,0.00166357594785763,-0.000109630644923043,0.00155394530293459,0.981495411050025
"27",0.02,0.52,0.5,0.0388741661351705,0.0186073357831596,0.0574815019183301,1.05625737910338
"28",0.03,0.52,0.749999999999999,0.110351042569947,0.118231371971946,0.228582414541893,0.966289106606111
"29",0.04,0.52,0.999999999999999,-2.54560086225234e-05,-2.54581250252636e-05,-5.0914133647787e-05,1.00036419401121
"51",0.01,0.53,0.166666666666667,-0.000149647274630423,0.00954648397771417,0.00939683670308374,1.02813346763482
"52",0.02,0.53,0.333333333333333,0.00523679798170966,8.54920403133187e-05,0.00532229002202298,0.978225189833341
"53",0.03,0.53,0.5,0.0125466421607214,0.012140002906061,0.0246866450667824,1.00473000403109
"54",0.04,0.53,0.666666666666666,0.0350117048123407,0.0522516417377411,0.0872633465500819,0.998054059383953
"55",0.05,0.53,0.833333333333333,0.383402121611932,0.400444534801088,0.78384665641302,0.966918641947409
"56",0.06,0.53,0.999999999999999,-2.54582648512561e-05,-2.54788035913735e-05,-5.09370684426296e-05,0.999232696299881
"76",0.01,0.54,0.125,0.00186607969460349,0.0187207173641214,0.0205867970587249,1.03234170283905
"77",0.02,0.54,0.25,0.000158433498310294,0.000675410401189929,0.000833843899500223,0.955652356618798
"78",0.03,0.54,0.375,0.00607576871323344,0.00394026996360631,0.0100160386768397,1.00034899091765
"79",0.04,0.54,0.5,0.00310709267303018,0.0128515969235721,0.0159586895966023,0.965954359563505
"80",0.05,0.54,0.624999999999999,0.04075258534118,0.0287020115499079,0.0694545968910879,1.01757545618563
"81",0.06,0.54,0.749999999999999,0.114012453520728,0.123275494210434,0.237287947731162,0.98779990255227
"82",0.07,0.54,0.874999999999999,0.669082429173297,0.667325253309199,1.3364076824825,0.996895680284803
"83",0.08,0.54,0.999999999999999,-2.54513414893152e-05,-2.5459674060072e-05,-5.09110155493872e-05,0.999608009968679
"101",0.01,0.55,0.0999999999999999,-6.75022584396401e-05,0.00389885349547481,0.00383135123703517,1.02526799533513
"102",0.02,0.55,0.2,0.00236296398536791,0.00258593618936252,0.00494890017473043,0.917686637151987
"103",0.03,0.55,0.3,0.00786560091699563,0.00515309445939019,0.0130186953763858,1.02745670201602
"104",0.04,0.55,0.4,0.00277823266738025,0.0162272207844639,0.0190054534518442,1.01199774972214
"105",0.05,0.55,0.5,0.0274970166694438,0.0181841452246057,0.0456811618940495,1.05523395172985
"106",0.06,0.55,0.6,0.0344294152402509,0.00940215047966278,0.0438315657199137,0.982604630731119
"107",0.07,0.55,0.699999999999999,0.0536540230961779,0.0804804917880075,0.134134514884185,1.01390600879607
"108",0.08,0.55,0.799999999999999,0.250085357503469,0.249140094366683,0.499225451870152,1.00496668996206
"109",0.09,0.55,0.899999999999999,0.891183492697485,0.904629791654228,1.79581328435171,1.04050240624074
"110",0.1,0.55,0.999999999999999,-2.54582757722879e-05,-2.54599119689688e-05,-5.09181877412567e-05,1.00082290927896
"126",0.01,0.56,0.0833333333333333,0.00341222990280004,0.000165087622000502,0.00357731752480054,0.993330462934195
"127",0.02,0.56,0.166666666666667,0.00514853781430651,0.000181054872289283,0.00532959268659579,0.935803606059651
"128",0.03,0.56,0.25,0.0169190150234076,0.00236355824807964,0.0192825732714872,1.04886160069235
"129",0.04,0.56,0.333333333333333,0.000284684904178355,0.000325163079214252,0.000609847983392607,0.940983937233004
"130",0.05,0.56,0.416666666666666,0.00251411994116073,0.00246436869306953,0.00497848863423026,0.966723613118127
"131",0.06,0.56,0.5,0.00643041559762804,0.0247764697666086,0.0312068853642367,0.947406348257474
"132",0.07,0.56,0.583333333333333,0.0287989064864343,0.0473525455681339,0.0761514520545682,1.06506134679788
"133",0.08,0.56,0.666666666666666,0.0308503729113057,0.0426393887944823,0.073489761705788,0.974216174439153
"134",0.09,0.56,0.749999999999999,0.112259753476642,0.134561559551958,0.246821313028599,0.993768929109319
"135",0.1,0.56,0.833333333333332,0.394942636431163,0.385007916024824,0.779950552455987,0.960627139426579
"136",0.11,0.56,0.916666666666666,1.06974921966807,1.07627074258409,2.14601996225216,0.984706508544658
"137",0.12,0.56,0.999999999999999,-2.55007237523313e-05,-2.54824425422594e-05,-5.09831662945907e-05,1.00049763847187
"151",0.01,0.57,0.0714285714285714,3.57481097450405e-05,0.00159581423662485,0.0016315623463699,0.941243975762411
"152",0.02,0.57,0.142857142857143,0.000406845846378276,0.00332330173194546,0.00373014757832374,0.965098856487824
"153",0.03,0.57,0.214285714285714,0.000801248268575086,6.74506988144595e-06,0.000807993338456532,0.980103478145292
"154",0.04,0.57,0.285714285714285,2.33020411918161e-05,0.00330325305562695,0.00332655509681877,0.937319924658865
"155",0.05,0.57,0.357142857142857,0.000720843314104519,0.00375521605690716,0.00447605937101168,0.959788404064084
"156",0.06,0.57,0.428571428571428,0.00357851413392266,0.0127306635309536,0.0163091776648762,1.00636809487355
"157",0.07,0.57,0.5,0.00143943020445738,0.0253600240997745,0.0267994543042319,0.986224536216204
"158",0.08,0.57,0.571428571428571,0.0416913189654552,0.0339110700556368,0.075602389021092,1.07190563026046
"159",0.09,0.57,0.642857142857142,0.0302576237750382,0.0277747560366445,0.0580323798116827,0.981440497892365
"160",0.1,0.57,0.714285714285714,0.0780153102739092,0.0689374711298149,0.146952781403724,0.989814286566269
"161",0.11,0.57,0.785714285714285,0.217028647186437,0.19794957397679,0.414978221163227,1.01733692451954
"162",0.12,0.57,0.857142857142856,0.528335739920809,0.528448688327855,1.05678442824866,0.933129585153505
"163",0.13,0.57,0.928571428571428,1.22606054592306,1.22850142802932,2.45456197395237,0.967834594504586
"164",0.14,0.57,0.999999999999999,-2.54711941669897e-05,-2.54725866474092e-05,-5.09437808143989e-05,1.00083124707528
"176",0.01,0.58,0.0624999999999999,0.00386072321914357,0.00490411142609596,0.00876483464523953,0.981469862279604
"177",0.02,0.58,0.125,0.000721336575439346,0.00747340000127054,0.00819473657670989,1.04205793862711
"178",0.03,0.58,0.1875,0.0038526371990674,0.00353533574337614,0.00738797294244354,1.0378898495865
"179",0.04,0.58,0.25,0.0133184736160995,-0.000528914783068726,0.0127895588330308,1.02426127885261
"180",0.05,0.58,0.3125,0.000202116791362421,0.00153056085597044,0.00173267764733286,0.973069508806512
"181",0.06,0.58,0.375,0.000327092036361355,0.00624863116080093,0.00657572319716228,0.976573631063356
"182",0.07,0.58,0.4375,0.010668119164953,0.0266020135317573,0.0372701326967103,1.04683021739658
"183",0.08,0.58,0.5,0.00249430148938675,0.00525340925446756,0.00774771074385431,0.941907610552804
"184",0.09,0.58,0.562499999999999,0.0085871483145253,0.00815416680996296,0.0167413151244883,0.949125254014777
"185",0.1,0.58,0.624999999999999,0.0287415348002963,0.0405636587161604,0.0693051935164567,1.02191541450247
"186",0.11,0.58,0.687499999999999,0.0888590467598137,0.0661182486002381,0.154977295360052,1.07336966043386
"187",0.12,0.58,0.749999999999999,0.118766998175448,0.121269988507111,0.240036986682559,0.996645661165772
"188",0.13,0.58,0.812499999999999,0.296350322377284,0.306194588349169,0.602544910726453,1.01490291690527
"189",0.14,0.58,0.874999999999999,0.669532906792902,0.667245928012761,1.33677883480566,1.0072717796869
"190",0.15,0.58,0.937499999999999,1.36593725223102,1.36222432639635,2.72816157862737,0.98024645010099
"191",0.16,0.58,0.999999999999999,-2.5478310195876e-05,-2.54648959455381e-05,-5.0943206141414e-05,1.00060883536206
"201",0.01,0.59,0.0555555555555556,0.0074058331229809,0.0005521008973329,0.0079579340203138,1.0472153134189
"202",0.02,0.59,0.111111111111111,0.00415409803764144,0.00440548511246912,0.00855958315011056,0.981320367821085
"203",0.03,0.59,0.166666666666667,0.000190305347883803,0.00148870258253016,0.00167900793041396,0.986155142874554
"204",0.04,0.59,0.222222222222222,0.00104230071834519,-0.000136241486275183,0.000906059232070003,0.979457849814483
"205",0.05,0.59,0.277777777777778,0.00624757615967916,0.00456320490457627,0.0108107810642554,0.95859640962158
"206",0.06,0.59,0.333333333333333,0.000205410510960389,0.00887282961873129,0.00907824012969168,0.985115783268727
"207",0.07,0.59,0.388888888888889,0.0076766928545337,0.00339587657509598,0.0110725694296297,0.998476097848724
"208",0.08,0.59,0.444444444444445,0.0168435434789689,0.010903124052226,0.0277466675311949,1.0285651486065
"209",0.09,0.59,0.5,0.00372629148812342,0.00358434270680142,0.00731063419492483,0.945366742212199
"210",0.1,0.59,0.555555555555556,0.0129761519699866,0.0234687462221948,0.0364448981921814,1.00133143033409
"211",0.11,0.59,0.611111111111111,0.0190777286676649,0.0215129435713981,0.040590672239063,0.968276537014111
"212",0.12,0.59,0.666666666666667,0.0386359077108714,0.0362831502128074,0.0749190579236789,0.973012042002271
"213",0.13,0.59,0.722222222222223,0.0856814406483829,0.105129015184288,0.190810455832671,1.0445316592597
"214",0.14,0.59,0.777777777777778,0.199723606352136,0.183242049179217,0.382965655531353,1.03240579424411
"215",0.15,0.59,0.833333333333334,0.384099716660419,0.392991994826218,0.777091711486637,0.952817817397379
"216",0.16,0.59,0.888888888888889,0.810604928119774,0.778376331899675,1.58898126001945,1.01179651834655
"217",0.17,0.59,0.944444444444445,1.48886919898984,1.48162809468916,2.970497293679,0.9976791597395
"226",0.01,0.6,0.05,0.00749265187188355,-0.000574786481904226,0.00691786538997933,0.940885976068098
"227",0.02,0.6,0.1,0.00139476260624015,0.00791646022489205,0.00931122283113221,0.954611649614274
"228",0.03,0.6,0.15,0.00706644958136955,0.00290290897442011,0.00996935855578966,1.00310221730264
"229",0.04,0.6,0.2,0.0113087149140275,0.00198494798967799,0.0132936629037055,1.05187867554524
"230",0.05,0.6,0.25,0.0130949395773558,0.000138516547269641,0.0132334561246254,1.03316651349418
"231",0.06,0.6,0.3,0.000382333439668481,0.00148526006772641,0.00186759350739489,0.934990496949966
"232",0.07,0.6,0.35,0.00280778242274595,0.0126806556048379,0.0154884380275839,1.02551385730344
"233",0.08,0.6,0.4,0.0241436058835711,0.00944080580694889,0.03358441169052,1.06505901528916
"234",0.09,0.6,0.45,0.0102488225301241,0.00488370833924731,0.0151325308693714,0.991336691522388
"235",0.1,0.6,0.5,0.0260649211268866,0.022905338414709,0.0489702595415957,1.04803907261282
"236",0.11,0.6,0.55,0.0545586548106689,0.0113432760584793,0.0659019308691482,1.05260272493937
"237",0.12,0.6,0.6,0.0138524221167655,0.0541862498449907,0.0680386719617562,1.03291889675574
"238",0.13,0.6,0.65,0.0351621360110153,0.0456190582081209,0.0807811942191362,1.02339730188984
"239",0.14,0.6,0.7,0.0743430075582165,0.0675276687120104,0.141870676270227,1.03467260290453
"240",0.15,0.6,0.75,0.117860692981384,0.115220775549812,0.233081468531195,0.974344455138906
"241",0.16,0.6,0.8,0.244460849775845,0.274228409514502,0.518689259290348,1.01783164670244
"242",0.17,0.6,0.85,0.508771021213601,0.498543686656017,1.00731470786962,1.03848529861437
"243",0.18,0.6,0.9,0.892263278326071,0.886399138823111,1.77866241714918,0.999862656107641
"244",0.19,0.6,0.95,1.5934780663687,1.59200825676887,3.18548632313757,1.03292782817798
"251",0.01,0.61,0.0454545454545455,0.0155862554118115,0.00014143989870416,0.0157276953105156,0.927432438479644
"252",0.02,0.61,0.0909090909090909,0.000241015647741175,0.0029449610567735,0.00318597670451467,0.997581845068281
"253",0.03,0.61,0.136363636363636,7.43875729502289e-06,0.0112525092134943,0.0112599479707893,1.04694332498459
"254",0.04,0.61,0.181818181818182,0.00270790568067239,4.11153965590505e-06,0.0027120172203283,1.0057462661313
"255",0.05,0.61,0.227272727272727,0.00242744259247711,0.00108320277019944,0.00351064536267655,1.00729642833174
"256",0.06,0.61,0.272727272727273,0.00817639041660597,-6.25826858644265e-05,0.00811380773074154,1.01204460634146
"257",0.07,0.61,0.318181818181818,0.0021949725109248,0.000811751861321167,0.00300672437224596,0.993030432241037
"258",0.08,0.61,0.363636363636364,0.0089371157232559,0.00648993419651521,0.0154270499197711,1.01357878448403
"259",0.09,0.61,0.409090909090909,0.00301538391487264,0.00516927491499076,0.0081846588298634,0.986932954462692
"260",0.1,0.61,0.454545454545455,0.0140783927132107,0.00087592257236296,0.0149543152855736,0.975857558821285
"261",0.11,0.61,0.5,0.0076140810735751,0.0204709342255445,0.0280850152991196,1.00188037850894
"262",0.12,0.61,0.545454545454546,0.0274775154387645,0.0177846024648182,0.0452621179035828,1.02766252732504
"263",0.13,0.61,0.590909090909091,0.0138831632033409,0.0251852251410979,0.0390683883444388,0.997652492238787
"264",0.14,0.61,0.636363636363636,0.0238852100580728,0.0344892895518844,0.0583744996099572,0.979422652276703
"265",0.15,0.61,0.681818181818182,0.0394711169426379,0.0910031482092138,0.130474265151852,1.03083448198512
"266",0.16,0.61,0.727272727272727,0.0861914444970125,0.0817445817626174,0.16793602625963,0.965049189801333
"267",0.17,0.61,0.772727272727273,0.162112400805825,0.168095450128553,0.330207850934378,0.968491624663052
"268",0.18,0.61,0.818181818181818,0.318401353691546,0.329289539152322,0.647690892843868,1.00867002591615
"269",0.19,0.61,0.863636363636364,0.579829749002357,0.57955552485903,1.15938527386139,1.01334641617175
"270",0.2,0.61,0.909090909090909,0.982740472203318,0.986021358188412,1.96876183039173,0.99151799994076
"271",0.21,0.61,0.954545454545455,1.68580847782279,1.68564460374349,3.37145308156629,1.02411067812812
"276",0.01,0.62,0.0416666666666667,1.6271785934091e-05,0.00010260976440373,0.000118881550337821,0.982600241662674
"277",0.02,0.62,0.0833333333333333,-0.000257613243330427,3.75346596894825e-05,-0.000220078583640944,0.967942411895632
"278",0.03,0.62,0.125,0.0015763637998816,-0.000324581588640047,0.00125178221124155,1.00190894254649
"279",0.04,0.62,0.166666666666667,0.00301018705969349,-4.03750958919831e-05,0.0029698119638015,1.00460717802749
"280",0.05,0.62,0.208333333333333,0.000557887554542645,0.00948457698822093,0.0100424645427636,1.03645067326067
"281",0.06,0.62,0.25,0.00423655575893124,0.00469356622875831,0.00893012198768955,1.03534272872227
"282",0.07,0.62,0.291666666666667,0.0342278959382822,0.00291781244656864,0.0371457083848509,1.08637999159802
"283",0.08,0.62,0.333333333333333,0.00209091403204272,0.00119570975284474,0.00328662378488746,0.944617584396621
"284",0.09,0.62,0.375,0.00685427717177462,0.00130158133930936,0.00815585851108398,0.952325148126782
"285",0.1,0.62,0.416666666666667,0.0132419080849156,0.00888099599242362,0.0221229040773393,1.02892802603266
"286",0.11,0.62,0.458333333333333,0.0260441739830544,0.0194627848864794,0.0455069588695338,1.065871283633
"287",0.12,0.62,0.5,0.00272756963958764,0.0313803458768351,0.0341079155164227,0.991404006854165
"288",0.13,0.62,0.541666666666667,0.00968971003520104,0.0154707141450919,0.025160424180293,0.988970509713766
"289",0.14,0.62,0.583333333333333,0.0240608322364066,0.0142629700514926,0.0383238022878992,0.99289055570682
"290",0.15,0.62,0.625,0.0340894696221789,0.0204467802468813,0.0545362498690602,0.991007395848649
"291",0.16,0.62,0.666666666666667,0.0591091655097297,0.0292235998638784,0.0883327653736082,0.999308421934358
"292",0.17,0.62,0.708333333333333,0.0582801852916138,0.0615837666211423,0.119863951912756,0.972628115390321
"293",0.18,0.62,0.75,0.116188524674535,0.115800967827341,0.231989492501876,0.973798135651869
"294",0.19,0.62,0.791666666666667,0.213895082953526,0.215908301139097,0.429803384092623,0.962810905167318
"295",0.2,0.62,0.833333333333333,0.385377892244343,0.396873772070189,0.782251664314533,0.983909481023334
"296",0.21,0.62,0.875,0.667233660328986,0.660627273732749,1.32786093406173,0.955125542842508
"297",0.22,0.62,0.916666666666667,1.07076241033038,1.07199102619489,2.14275343652527,0.995465927241195
"298",0.23,0.62,0.958333333333333,1.77353640943407,1.77396116184987,3.54749757128394,1.00919754772609
"301",0.01,0.63,0.0384615384615385,0.0033394241359664,-0.000123332773122103,0.0032160913628443,1.01620825687687
"302",0.02,0.63,0.0769230769230769,0.000701048940888681,0.00920473559854804,0.00990578453943672,1.02087190583214
"303",0.03,0.63,0.115384615384615,-0.00016647079506293,0.00707649337097189,0.00691002257590896,1.02948139425112
"304",0.04,0.63,0.153846153846154,0.00123280954701481,-6.07031685167222e-06,0.00122673923016313,0.987363507221906
"305",0.05,0.63,0.192307692307692,0.0162390617197775,-0.000111691433078863,0.0161273702866986,1.04900021080344
"306",0.06,0.63,0.230769230769231,0.0010904624717363,0.00205408122540608,0.00314454369714238,0.954275957393987
"307",0.07,0.63,0.269230769230769,0.00115449167038395,0.00109627719407018,0.00225076886445413,0.990050869678371
"308",0.08,0.63,0.307692307692308,0.0168881344353234,0.00223576392035421,0.0191238983556776,0.998359031997106
"309",0.09,0.63,0.346153846153846,0.000344291495483215,0.00946015747487343,0.00980444897035665,0.975711021689694
"310",0.1,0.63,0.384615384615385,0.000439259828069229,0.0049341681557603,0.00537342798382953,0.96496430856295
"311",0.11,0.63,0.423076923076923,0.01928427317428,0.0170909971585524,0.0363752703328325,1.05909903528602
"312",0.12,0.63,0.461538461538462,0.0157026919244728,0.00564911465216486,0.0213518065766376,1.00402205100399
"313",0.13,0.63,0.5,0.0143782838324788,0.037152174581212,0.0515304584136908,1.05477688296937
"314",0.14,0.63,0.538461538461539,0.0192982237729898,0.0136669612405383,0.032965185013528,1.01180118173074
"315",0.15,0.63,0.576923076923077,0.012933586918903,0.0438666537825029,0.0568002407014059,1.02491957104953
"316",0.16,0.63,0.615384615384615,0.0154917612845467,0.0131300084177627,0.0286217697023095,0.925643413161076
"317",0.17,0.63,0.653846153846154,0.0438965318709307,0.0676638021190454,0.111560333989976,1.05141548155608
"318",0.18,0.63,0.692307692307692,0.0578729076595859,0.0449304289259493,0.102803336585535,0.987032471466368
"319",0.19,0.63,0.730769230769231,0.126530807251569,0.108258074024808,0.234788881276377,1.06210122872584
"320",0.2,0.63,0.769230769230769,0.160342329859248,0.161123341549491,0.321465671408739,1.00264320840738
"321",0.21,0.63,0.807692307692308,0.277553898459328,0.279435317089416,0.556989215548743,1.00072268168019
"322",0.22,0.63,0.846153846153846,0.461212967300846,0.471284519833549,0.932497487134394,0.979389137698463
"323",0.23,0.63,0.884615384615385,0.764371655233246,0.74908004022738,1.51345169546063,1.0452881361227
"324",0.24,0.63,0.923076923076923,1.15075114160289,1.15210076505977,2.30285190666266,0.980476691044112
"325",0.25,0.63,0.961538461538461,1.85649993444947,1.85494309708374,3.71144303153321,0.975087509178431
"326",0.01,0.64,0.0357142857142857,-0.00136887972556957,0.00900146265662416,0.00763258293105459,0.927435161563375
"327",0.02,0.64,0.0714285714285714,0.0206799926233563,0.00993441923680749,0.0306144118601638,1.11537686707203
"328",0.03,0.64,0.107142857142857,4.40369513351673e-05,0.000278098521297042,0.00032213547263221,0.972819090503816
"329",0.04,0.64,0.142857142857143,0.000648654642359772,0.00596121653019333,0.0066098711725531,1.00496057329755
"330",0.05,0.64,0.178571428571429,0.00701200919197704,0.0042029819426442,0.0112149911346212,0.988956379830225
"331",0.06,0.64,0.214285714285714,0.00221662224375876,0.00197332481769524,0.004189947061454,0.964622120985137
"332",0.07,0.64,0.25,0.0106631654271968,0.00419513377777506,0.0148582992049719,1.04530372790671
"333",0.08,0.64,0.285714285714286,0.0118250211197489,0.000813929855988417,0.0126389509757374,0.999101463058664
"334",0.09,0.64,0.321428571428571,0.00190580393429993,0.00323578489764401,0.00514158883194394,0.990682402643369
"335",0.1,0.64,0.357142857142857,0.00187711696837432,2.14162946923772e-05,0.0018985332630667,0.965314138176489
"336",0.11,0.64,0.392857142857143,0.00595269770842026,0.00255762907923659,0.00851032678765685,0.976256688267463
"337",0.12,0.64,0.428571428571428,0.0158494886422233,0.0097324127491555,0.0255819013913788,1.02749977715944
"338",0.13,0.64,0.464285714285714,0.017480825304047,0.00347638634352622,0.0209572116475732,1.00116617815551
"339",0.14,0.64,0.5,0.0147828311524742,0.00683948364395971,0.021622314796434,0.99409304631483
"340",0.15,0.64,0.535714285714286,0.0265116401893413,0.00841377353256073,0.0349254137219021,1.00501459854304
"341",0.16,0.64,0.571428571428571,0.00690065082843048,0.0417461095123583,0.0486467603407888,0.989030391589445
"342",0.17,0.64,0.607142857142857,0.0248370532216807,0.0709907266209739,0.0958277798426545,1.07102383019801
"343",0.18,0.64,0.642857142857143,0.0583606644455248,0.0196589706721033,0.0780196351176281,0.97669868235537
"344",0.19,0.64,0.678571428571428,0.0366310880814412,0.0611331766744158,0.097764264755857,0.995583421403685
"345",0.2,0.64,0.714285714285714,0.0924984307825069,0.0659607654214788,0.158459196203986,1.01743532674482
"346",0.21,0.64,0.75,0.126236249244465,0.123407505884658,0.249643755129123,1.00042800876857
"347",0.22,0.64,0.785714285714286,0.203204108578256,0.195140166928429,0.398344275506685,0.986586456899181
"348",0.23,0.64,0.821428571428571,0.337789218339154,0.333959663216709,0.671748881555863,1.0016415220643
"349",0.24,0.64,0.857142857142857,0.548986153624242,0.545073835951165,1.09405998957541,1.0274529845635
"350",0.25,0.64,0.892857142857143,0.818702655359342,0.816137669945668,1.63484032530501,1.003856885577
"351",0.01,0.65,0.0333333333333333,0.00219437937012389,0.00285384152536897,0.00504822089549285,0.989862269104646
"352",0.02,0.65,0.0666666666666667,0.00192453516682924,-0.000868309938025263,0.00105622522880398,0.99553845668081
"353",0.03,0.65,0.1,8.16819350587364e-05,0.00155172160385708,0.00163340353891582,0.958181950474933
"354",0.04,0.65,0.133333333333333,0.00536243119988013,0.0136993845383971,0.0190618157382773,1.07522607310085
"355",0.05,0.65,0.166666666666667,0.000367639687946823,0.00165622580192234,0.00202386548986916,0.932891570464839
"356",0.06,0.65,0.2,0.0036162233130274,0.000141121686264655,0.00375734499929206,1.01119289575362
"357",0.07,0.65,0.233333333333333,8.4729274511233e-05,0.00141083744856051,0.00149556672307175,0.988166817775488
"358",0.08,0.65,0.266666666666667,0.0116042836820442,0.00177371449384732,0.0133779981758915,1.03070608746756
"359",0.09,0.65,0.3,0.00378374386844954,0.00666170145744462,0.0104454453258942,1.0267466607852
"360",0.1,0.65,0.333333333333333,0.000404343965490619,0.00835356536441828,0.0087579093299089,0.991081863278179
"361",0.11,0.65,0.366666666666667,0.00631859897250669,0.0060721130103481,0.0123907119828548,1.00872975953979
"362",0.12,0.65,0.4,2.66142171274805e-05,0.00242649084080177,0.00245310505792925,0.966855052420498
"363",0.13,0.65,0.433333333333333,0.0193564003585483,0.00465569066594668,0.024012091024495,1.01953638752116
"364",0.14,0.65,0.466666666666667,0.0201405666907709,0.0172724833915858,0.0374130500823567,1.05003437729702
"365",0.15,0.65,0.5,0.00373669422182935,0.0152652423103613,0.0190019365321906,0.988034373910457
"366",0.16,0.65,0.533333333333333,0.00369553429723511,0.0123658329787864,0.0160613672760215,0.956214812062002
"367",0.17,0.65,0.566666666666667,0.0311826876700746,0.00906234720499953,0.0402450348750742,0.989435366445158
"368",0.18,0.65,0.6,0.0254154344106358,0.0207903388919634,0.0462057733025992,1.03974670577067
"369",0.19,0.65,0.633333333333333,0.0165836662407763,0.059115907139409,0.0756995733801853,1.00914516573969
"370",0.2,0.65,0.666666666666667,0.049676101071725,0.0363759719085604,0.0860520729802855,0.989763448182086
"371",0.21,0.65,0.7,0.0858480601125228,0.0610076074755261,0.146855667588049,1.03998851428982
"372",0.22,0.65,0.733333333333333,0.100200204541288,0.107005479688,0.207205684229289,1.03434183647816
"373",0.23,0.65,0.766666666666667,0.158239589535945,0.159771776221459,0.318011365757404,1.01258550805112
"374",0.24,0.65,0.8,0.250829281776175,0.24396890244065,0.494798184216825,0.955570934052548
"375",0.25,0.65,0.833333333333333,0.394168519171631,0.394764965705217,0.788933484876848,0.981485707686519
"376",0.01,0.66,0.03125,0.000150939758232764,0.00452915780020852,0.00468009755844129,0.957925817979103
"377",0.02,0.66,0.0625,0.0024365195191887,0.00431756962844541,0.00675408914763412,0.930166824112639
"378",0.03,0.66,0.09375,0.00846557579924982,3.05369128879773e-06,0.00846862949053862,1.04269555487944
"379",0.04,0.66,0.125,-7.32301428615202e-06,-0.000177074969743224,-0.000184397984029376,0.992530640110339
"380",0.05,0.66,0.15625,0.00142422056523864,0.000182582745161952,0.00160680331040059,1.01165112215456
"381",0.06,0.66,0.1875,0.00262092492092419,0.00889489021173188,0.0115158151326561,0.950531562715253
"382",0.07,0.66,0.21875,0.000339776634232995,0.00282326910956803,0.00316304574380102,0.956681110385884
"383",0.08,0.66,0.25,0.00280411150364396,-9.71993809083997e-05,0.00270691212273556,0.937758047150204
"384",0.09,0.66,0.28125,0.00480877352806215,0.00878771905796613,0.0135964925860283,1.04803375495776
"385",0.1,0.66,0.3125,0.000647859834162265,0.000762462956675939,0.0014103227908382,0.968510376994951
"386",0.11,0.66,0.34375,0.000904201000580102,0.00634217554083485,0.00724637654141496,0.988435949031387
"387",0.12,0.66,0.375,0.00208483990839001,0.0102508558647394,0.0123356957731294,1.00494916413299
"388",0.13,0.66,0.40625,0.00119109149704058,0.014216092477888,0.0154071839749286,1.01948445507711
"389",0.14,0.66,0.4375,0.0152036528358034,0.0212240758959244,0.0364277287317278,1.04946083013653
"390",0.15,0.66,0.46875,0.0298431704415359,0.00736813242964685,0.0372113028711827,1.0473675179452
"391",0.16,0.66,0.5,0.0167832842715315,0.0117685481336362,0.0285518324051678,1.02528886537849
"392",0.17,0.66,0.53125,0.0150896393292411,0.0164053288528043,0.0314949681820454,1.00963223396707
"393",0.18,0.66,0.5625,0.0067438782768007,0.0146938561902238,0.0214377344670245,0.951472022385472
"394",0.19,0.66,0.59375,0.01664083558163,0.0123103793583304,0.0289512149399604,0.965822436089023
"395",0.2,0.66,0.625,0.0321145457403355,0.0165705964688357,0.0486851422091712,0.993580364777128
"396",0.21,0.66,0.65625,0.0253680468990845,0.0360000779648124,0.0613681248638969,0.961508725597685
"397",0.22,0.66,0.6875,0.0506791519246386,0.0675462447511235,0.118225396675762,1.0081590481326
"398",0.23,0.66,0.71875,0.0765465814022734,0.0791031425663073,0.155649723968581,1.00320222891309
"399",0.24,0.66,0.75,0.127660490176601,0.122546619502842,0.250207109679443,1.00551385282986
"400",0.25,0.66,0.78125,0.198626895523233,0.190388692316892,0.389015587840125,0.986731034085427
"401",0.01,0.67,0.0294117647058823,0.00270490941035213,0.00340675067269978,0.00611166008305191,1.04004465070815
"402",0.02,0.67,0.0588235294117647,0.00126407106138102,0.00555205969129944,0.00681613075268046,1.00449870987224
"403",0.03,0.67,0.088235294117647,-0.000968335067561382,0.00224202395536095,0.00127368888779957,0.970197759394163
"404",0.04,0.67,0.117647058823529,0.00299321508646915,0.000521012095339668,0.00351422718180882,0.987045814783362
"405",0.05,0.67,0.147058823529412,0.000359559212179362,-3.07984442194077e-05,0.000328760767959954,0.991015477528936
"406",0.06,0.67,0.176470588235294,-0.00178566379561426,0.0250657750586858,0.0232801112630716,1.04081518694439
"407",0.07,0.67,0.205882352941176,0.000516246875139036,0.000144876025138013,0.00066112290027705,0.998081626579157
"408",0.08,0.67,0.235294117647059,0.0266031820219111,0.000116138597050389,0.0267193206189615,1.06003178560889
"409",0.09,0.67,0.264705882352941,0.00256942689248383,0.0057317943461892,0.00830122123867303,0.969188885322896
"410",0.1,0.67,0.294117647058823,0.0015869607899018,0.00754352112538375,0.00913048191528556,1.01847063552966
"411",0.11,0.67,0.323529411764706,0.00777569073885048,8.01387982318949e-05,0.00785582953708238,0.985616743502866
"412",0.12,0.67,0.352941176470588,0.000427345846539427,0.0112712851320568,0.0116986309785962,0.995897630823939
"413",0.13,0.67,0.382352941176471,0.0127995979688761,0.00801847714077035,0.0208180751096465,1.02510584255461
"414",0.14,0.67,0.411764705882353,0.0165511785992433,0.00192866240055925,0.0184798409998025,1.00808674809994
"415",0.15,0.67,0.441176470588235,0.0233844485469437,0.013719419555758,0.0371038681027017,1.06044668205017
"416",0.16,0.67,0.470588235294118,0.0136021477902146,0.00493073913438464,0.0185328869245992,0.982930756348597
"417",0.17,0.67,0.5,0.0131811307355489,0.00435961051982176,0.0175407412553707,0.969765959860963
"418",0.18,0.67,0.529411764705882,0.028161629271603,0.0277496645957835,0.0559112938673866,1.03787686183375
"419",0.19,0.67,0.558823529411765,0.011645927469891,0.0290538699682089,0.0406997974380999,1.01965687684465
"420",0.2,0.67,0.588235294117647,0.0343500430978107,0.0139920244265189,0.0483420675243297,1.01557845052181
"421",0.21,0.67,0.617647058823529,0.0151525246274634,0.0246962651806019,0.0398487898080652,0.960959638950126
"422",0.22,0.67,0.647058823529412,0.0385112649317963,0.0318037822003156,0.0703150471321118,1.0019731597308
"423",0.23,0.67,0.676470588235294,0.0478640263082998,0.0715952739502191,0.119459300258519,1.01606102175087
"424",0.24,0.67,0.705882352941176,0.0571573683171376,0.0710318096028164,0.128189177919954,0.93118437174207
"425",0.25,0.67,0.735294117647059,0.0879842324268406,0.105662291086477,0.193646523513318,0.971182117396838
"426",0.01,0.68,0.0277777777777778,0.00133985064676545,0.00373676266520478,0.00507661331197023,1.00092785410204
"427",0.02,0.68,0.0555555555555555,-0.00022605882810281,0.00404922718529477,0.00382316835719196,1.02342133147956
"428",0.03,0.68,0.0833333333333333,0.000396639224578131,-0.000170399900860784,0.000226239323717347,0.996938550264132
"429",0.04,0.68,0.111111111111111,0.0064144940942857,0.00109989524669873,0.00751438934098443,1.04101786804835
"430",0.05,0.68,0.138888888888889,0.000120062801959385,-2.63119417657043e-05,9.37508601936803e-05,0.971269480351108
"431",0.06,0.68,0.166666666666667,0.000697419225072169,0.00546170172859644,0.00615912095366861,0.954835236397284
"432",0.07,0.68,0.194444444444444,0.00351339083817596,0.0101479402038593,0.0136613310420353,0.889932716917759
"433",0.08,0.68,0.222222222222222,0.0126773740553558,0.0110476450478728,0.0237250191032286,1.09466328785926
"434",0.09,0.68,0.25,3.0259949611328e-05,0.00670170825070163,0.00673196820031296,1.01177180830664
"435",0.1,0.68,0.277777777777778,0.000868997170294263,-5.10380557416682e-05,0.000817959114552595,0.967309816386224
"436",0.11,0.68,0.305555555555555,0.000541990489598992,0.00215123714861856,0.00269322763821755,0.956310785138713
"437",0.12,0.68,0.333333333333333,0.000822463640385033,0.0182777212097248,0.0191001848501098,1.03901406683794
"438",0.13,0.68,0.361111111111111,0.00641888564429251,0.0107692013712479,0.0171880870155404,1.04198232505728
"439",0.14,0.68,0.388888888888889,0.0115998391785751,0.000891228892815695,0.0124910680713908,0.998495551117308
"440",0.15,0.68,0.416666666666667,0.00133524714133585,0.00205143340204752,0.00338668054338337,0.978737622821571
"441",0.16,0.68,0.444444444444444,0.0306662015094703,0.0249230057379979,0.0555892072474683,1.10281996385699
"442",0.17,0.68,0.472222222222222,0.0162765814117164,0.00207838956116419,0.0183549709728806,0.990083779348478
"443",0.18,0.68,0.5,0.0230337965051653,0.0176727097692087,0.040706506274374,1.05210604029756
"444",0.19,0.68,0.527777777777778,0.00641326938485733,0.0166853297766506,0.0230985991615079,0.98595396163869
"445",0.2,0.68,0.555555555555555,0.0135880905959543,0.0122375421499964,0.0258256327459507,0.973911128666819
"446",0.21,0.68,0.583333333333333,0.00866325012622208,0.0330616903356037,0.0417249404618257,0.991909485319126
"447",0.22,0.68,0.611111111111111,0.0126260391308686,0.0544288882411896,0.0670549273720583,1.00593649574262
"448",0.23,0.68,0.638888888888889,0.0403845120586748,0.0235902586100649,0.0639747706687397,1.01254119113596
"449",0.24,0.68,0.666666666666667,0.0320921661889708,0.042676746340525,0.0747689125294958,0.949230968581293
"450",0.25,0.68,0.694444444444444,0.072207123307774,0.0522216134196263,0.1244287367274,1.02499881572527
"451",0.01,0.69,0.0263157894736842,0.000554523389956227,0.00115339839021464,0.00170792178017086,0.954867453058447
"452",0.02,0.69,0.0526315789473684,0.00521469072277707,0.0044600010977832,0.00967469182056026,1.05639905567139
"453",0.03,0.69,0.0789473684210527,-0.00019577063147894,0.00662369144757702,0.00642792081609808,1.02781269881148
"454",0.04,0.69,0.105263157894737,0.0218632907638264,0.00140148500846249,0.0232647757722889,1.03510189418778
"455",0.05,0.69,0.131578947368421,0.0180630979553687,0.00320511599451345,0.0212682139498822,1.07872705525985
"456",0.06,0.69,0.157894736842105,0.00416383456301078,-0.000270695047063631,0.00389313951594715,0.931739919569816
"457",0.07,0.69,0.18421052631579,0.00190172472336158,0.0100981334513706,0.0119998581747322,0.900079203329587
"458",0.08,0.69,0.210526315789474,0.000509119565987658,0.00442182922490848,0.00493094879089614,0.952070435737432
"459",0.09,0.69,0.236842105263158,0.00750190505962807,0.0086056342532151,0.0161075393128432,0.869599791237707
"460",0.1,0.69,0.263157894736842,8.76419290118524e-05,0.000283584781414763,0.000371226710426615,0.967524245274315
"461",0.11,0.69,0.289473684210526,0.0097597364267736,0.00375630098379224,0.0135160374105658,1.04938374407563
"462",0.12,0.69,0.315789473684211,0.00106228555520904,4.46386282331656e-06,0.00106674941803235,0.997042765972473
"463",0.13,0.69,0.342105263157895,0.00476768670321789,0.000536959324743536,0.00530464602796143,0.99112209980224
"464",0.14,0.69,0.368421052631579,0.0141094293958206,0.000796723258227999,0.0149061526540486,1.00111417668327
"465",0.15,0.69,0.394736842105263,0.00855120976297614,0.00197848993936921,0.0105296997023454,0.980642449705393
"466",0.16,0.69,0.421052631578948,0.000880537092558595,0.00495237407783576,0.00583291117039436,0.960432992703053
"467",0.17,0.69,0.447368421052632,0.000850216087925319,0.013004802131704,0.0138550182196293,0.978540032410961
"468",0.18,0.69,0.473684210526316,0.00680344791493505,0.014215901313349,0.0210193492282841,0.989442053616744
"469",0.19,0.69,0.5,0.00234628012616092,0.0031871045452516,0.00553338467141252,0.92131577654798
"470",0.2,0.69,0.526315789473684,0.0115450904147463,0.00586781553153395,0.0174129059462802,0.971546561895578
"471",0.21,0.69,0.552631578947369,0.00653794599645088,0.0206757737988325,0.0272137197952834,0.960906013335508
"472",0.22,0.69,0.578947368421053,0.0279387650680353,0.0450583321301538,0.0729970971981891,1.07935825626309
"473",0.23,0.69,0.605263157894737,0.0364065268894007,0.0123049614752177,0.0487114883646185,0.998701103344251
"474",0.24,0.69,0.631578947368421,0.0367328947681226,0.0452490900782783,0.0819819848464009,1.05020565786532
"475",0.25,0.69,0.657894736842105,0.0381963947506869,0.0344538948268388,0.0726502895775257,0.99708986386545
"476",0.01,0.7,0.025,0.00547147763317449,0.00502437193035643,0.0104958495635309,1.07112912663366
"477",0.02,0.7,0.05,0.000680590551703847,0.000172836422255554,0.000853426973959401,1.00709441266724
"478",0.03,0.7,0.075,0.000949951891339739,-0.000152896190348024,0.000797055700991716,0.999293579354966
"479",0.04,0.7,0.1,0.00238547835649358,0.00202307252479853,0.0044085508812921,1.03558447052933
"480",0.05,0.7,0.125,0.000528484734284704,7.8213152339241e-06,0.000536306049518628,0.986887067087647
"481",0.06,0.7,0.15,0.00555025877588314,0.00179154388228409,0.00734180265816723,0.960629936219643
"482",0.07,0.7,0.175,-0.000379329290560482,-0.000650534176806543,-0.00102986346736703,0.953070305535422
"483",0.08,0.7,0.2,-0.00043701955258904,0.00148871697302233,0.00105169742043329,1.00236673479598
"484",0.09,0.7,0.225,0.000153817652340728,0.00278369468428148,0.00293751233662221,0.926962743167464
"485",0.1,0.7,0.25,7.66553908683085e-05,0.000116530275122226,0.000193185665990535,0.971081005345621
"486",0.11,0.7,0.275,0.0156273826916304,0.000365987281423528,0.0159933699730539,1.01401422374591
"487",0.12,0.7,0.3,0.0242523354220931,0.00046400507490403,0.0247163404969972,1.04142731442414
"488",0.13,0.7,0.325,0.00675953061667321,0.00408377512798472,0.0108433057446579,1.02652435075635
"489",0.14,0.7,0.35,0.00380239503636795,0.000586177008653717,0.00438857204502167,0.984703016736484
"490",0.15,0.7,0.375,0.00161173071873676,0.00831493736423617,0.00992666808297292,1.0080324652913
"491",0.16,0.7,0.4,0.00277844052716051,0.0113607212945145,0.014139161821675,1.00714739273574
"492",0.17,0.7,0.425,0.00109498065842947,0.00886564696842299,0.00996062762685246,0.99151594236369
"493",0.18,0.7,0.45,0.0100344409841569,0.00950670586089348,0.0195411468450504,1.01836633775231
"494",0.19,0.7,0.475,0.0125142432801883,0.0291580843721117,0.0416723276523,1.05861300293623
"495",0.2,0.7,0.5,0.00679134724953085,0.00250876571564624,0.00930011296517709,0.951975872577898
"496",0.21,0.7,0.525,0.0124706390046309,0.0156593045965231,0.028129943601154,1.00012015711108
"497",0.22,0.7,0.55,0.0282942262993011,0.00846592141916012,0.0367601477184612,1.01585264149764
"498",0.23,0.7,0.575,0.00800827487230973,0.0224330330549507,0.0304413079272604,0.970426347232778
"499",0.24,0.7,0.6,0.011497015137578,0.0399148125952842,0.0514118277328622,0.990234429450516
"500",0.25,0.7,0.625,0.0497668495078701,0.0305249445757888,0.0802917940836589,1.03359515968236
"501",0.01,0.71,0.0238095238095238,0.00927186876970192,3.59947224447654e-05,0.00930786349214668,0.94078348745137
"502",0.02,0.71,0.0476190476190476,0.00228200822345929,0.00347803610533565,0.00576004432879493,1.04195015358032
"503",0.03,0.71,0.0714285714285714,0.00282680672242821,0.00176354765433977,0.00459035437676799,1.03450085761663
"504",0.04,0.71,0.0952380952380953,0.000864651782025156,0.00327485974343424,0.00413951152545939,0.96901418283614
"505",0.05,0.71,0.119047619047619,-0.000520111555803904,0.000570801175585204,5.06896197812998e-05,0.988303476565132
"506",0.06,0.71,0.142857142857143,0.0087965692054295,-0.000208641680100703,0.0085879275253288,0.935676016407346
"507",0.07,0.71,0.166666666666667,0.00118534532703837,0.00172031162692257,0.00290565695396094,1.01881354902033
"508",0.08,0.71,0.190476190476191,0.0107847972517453,0.00045481263379077,0.011239609885536,1.0563420582352
"509",0.09,0.71,0.214285714285714,0.00575861581188309,0.00531007519077383,0.0110686910026569,1.04173203593746
"510",0.1,0.71,0.238095238095238,0.00202791960339246,0.00455719523742658,0.00658511484081904,1.02063915849808
"511",0.11,0.71,0.261904761904762,0.000814888843253707,0.00619619305166891,0.00701108189492262,1.01180129079514
"512",0.12,0.71,0.285714285714286,0.00142489114314811,7.62068389088861e-05,0.00150109798205699,0.98329664862341
"513",0.13,0.71,0.30952380952381,0.00048192055233232,0.00669380129005551,0.00717572184238783,1.02701145644192
"514",0.14,0.71,0.333333333333333,0.00713793922878587,0.00124298387135406,0.00838092310013993,0.956718157727076
"515",0.15,0.71,0.357142857142857,0.00371923162379081,0.00338586427364182,0.00710509589743262,0.988413530166764
"516",0.16,0.71,0.380952380952381,0.000780614240537547,0.0178736119473837,0.0186542261879212,1.03381226716842
"517",0.17,0.71,0.404761904761905,0.00243060525856838,0.00297903305330838,0.00540963831187676,0.967461046252433
"518",0.18,0.71,0.428571428571429,5.08005392709562e-05,0.0129820384308786,0.0130328389701495,0.993772119232207
"519",0.19,0.71,0.452380952380952,0.00533334243033478,0.0362153281249452,0.0415486705552799,1.04812291989304
"520",0.2,0.71,0.476190476190476,0.0272493236117822,0.00245250000080752,0.0297018236125897,1.03155824306135
"521",0.21,0.71,0.5,0.00481329116189395,0.0168024723643214,0.0216157635262154,0.985616811887877
"522",0.22,0.71,0.523809523809524,0.00950546887519259,0.00731172762339863,0.0168171964985912,0.999473248207248
"523",0.23,0.71,0.547619047619048,0.0155422041387473,0.00691923745331138,0.0224614415920587,0.973376452245088
"524",0.24,0.71,0.571428571428572,0.0289662908951133,0.0121158819580344,0.0410821728531477,1.02468759903431
"525",0.25,0.71,0.595238095238095,0.0200217080463632,0.0154749984469401,0.0354967064933034,1.00519598738558
"526",0.01,0.72,0.0227272727272727,0.00106948936971667,-0.000147126211545018,0.000922363158171648,0.99759521654855
"527",0.02,0.72,0.0454545454545455,0.0124207981990831,0.00538052502470765,0.0178013232237907,1.09260947358795
"528",0.03,0.72,0.0681818181818182,0.00273473483595915,0.0043837178937037,0.00711845272966284,0.919584647403753
"529",0.04,0.72,0.0909090909090909,-3.4604479343002e-06,0.000121215466773618,0.000117755018839318,0.988600200595248
"530",0.05,0.72,0.113636363636364,0.00283594480459219,0.00168474178974066,0.00452068659433285,1.03186462922837
"531",0.06,0.72,0.136363636363636,5.88972509519648e-05,0.014858103821182,0.0149170010721339,1.04378950094802
"532",0.07,0.72,0.159090909090909,0.00278577405992858,0.0012803045896976,0.00406607864962618,1.02568847869538
"533",0.08,0.72,0.181818181818182,0.00113287671361528,0.00922960791314807,0.0103624846267633,1.01512701618121
"534",0.09,0.72,0.204545454545455,0.00281298997396242,0.00753208731290419,0.0103450772868666,1.04605113863095
"535",0.1,0.72,0.227272727272727,0.000745958867255447,0.00317502012106876,0.0039209789883242,1.00959317755225
"536",0.11,0.72,0.25,0.000124304090144317,0.000138605467654012,0.000262909557798329,0.969506865664399
"537",0.12,0.72,0.272727272727273,0.00207068953115992,-0.000447998662760346,0.00162269086839958,0.934004889132022
"538",0.13,0.72,0.295454545454546,0.0173591311754873,0.00415659753750937,0.0215157287129967,0.996529236203972
"539",0.14,0.72,0.318181818181818,-8.0233164898723e-06,0.00531063387722701,0.00530261056073714,0.986375642891301
"540",0.15,0.72,0.340909090909091,0.000637332846648191,0.00243349983827771,0.0030708326849259,0.964469862640673
"541",0.16,0.72,0.363636363636364,0.00038587660400012,0.0196342452782272,0.0200201218822273,1.00671482496596
"542",0.17,0.72,0.386363636363636,0.00983243682892741,0.0136108831655033,0.0234433199944307,1.03799360237435
"543",0.18,0.72,0.409090909090909,0.0134424697707785,0.0196082674917214,0.0330507372624999,1.06668954537162
"544",0.19,0.72,0.431818181818182,0.0192917791545984,0.0270955875574288,0.0463873667120272,1.08353009129212
"545",0.2,0.72,0.454545454545455,0.0129938588796637,0.0037948868606989,0.0167887457403626,0.985140740495892
"546",0.21,0.72,0.477272727272727,0.00913078244434741,0.0344046070818595,0.0435353895262069,1.04974804726315
"547",0.22,0.72,0.5,0.00931894180376625,0.00885757336644527,0.0181765151702115,0.984659946063265
"548",0.23,0.72,0.522727272727273,0.0123122224441388,0.00451122489849326,0.0168234473426321,0.960143205460233
"549",0.24,0.72,0.545454545454546,0.00689146737473403,0.0169042650772086,0.0237957324519427,0.971124612978768
"550",0.25,0.72,0.568181818181818,0.0092298307093817,0.00959003951883288,0.0188198702282146,0.935057536523698
"551",0.01,0.73,0.0217391304347826,0.00659073954495006,0.00147889272651947,0.00806963227146953,1.05297004769679
"552",0.02,0.73,0.0434782608695652,0.00349541341812009,-0.000548131536911667,0.00294728188120842,1.01887905417231
"553",0.03,0.73,0.0652173913043478,-6.02483604869845e-05,0.00010542836141167,4.51800009246857e-05,0.95594126967017
"554",0.04,0.73,0.0869565217391304,0.000822735636012399,0.00367035854319757,0.00449309417920997,1.04201998014527
"555",0.05,0.73,0.108695652173913,0.000331120991699303,0.000830352072057984,0.00116147306375729,1.00754084458242
"556",0.06,0.73,0.130434782608696,0.00189228574569693,0.000143832358299241,0.00203611810399617,0.978580612761205
"557",0.07,0.73,0.152173913043478,5.13521285357187e-05,0.000981136164853395,0.00103248829338911,0.96889877004509
"558",0.08,0.73,0.173913043478261,2.06480057365726e-05,0.0133642209548576,0.0133848689605942,1.03800521297404
"559",0.09,0.73,0.195652173913043,0.0146902159243634,0.000165178237305357,0.0148553941616688,0.89285893264998
"560",0.1,0.73,0.217391304347826,0.000813273640881281,0.00926045980197871,0.01007373344286,1.00281298923385
"561",0.11,0.73,0.239130434782609,0.00886682858562814,-5.16958925224294e-05,0.00881513269310571,1.0181825044354
"562",0.12,0.73,0.260869565217391,-3.6145440324334e-05,0.00605419590455058,0.00601805046422624,1.00506609615423
"563",0.13,0.73,0.282608695652174,0.0314734293168927,0.0129159503625862,0.044389379679479,1.12460819530257
"564",0.14,0.73,0.304347826086957,0.0127837734618626,0.000338571522099445,0.013122344983962,1.01512781221589
"565",0.15,0.73,0.326086956521739,2.34505876093841e-05,0.00511039754742556,0.00513384813503494,1.00090956481567
"566",0.16,0.73,0.347826086956522,0.00600349500863986,0.00487883178470339,0.0108823267933432,1.02751089771327
"567",0.17,0.73,0.369565217391304,0.00690495606255557,0.000144620064517626,0.00704957612707319,0.942653131256814
"568",0.18,0.73,0.391304347826087,0.00346598839773574,0.00292547749843891,0.00639146589617465,0.991607592567505
"569",0.19,0.73,0.41304347826087,0.00109398532435989,0.00270990112567572,0.00380388645003561,0.962248621368341
"570",0.2,0.73,0.434782608695652,0.00651504508069374,0.0136684814294344,0.0201835265101281,1.03407016961881
"571",0.21,0.73,0.456521739130435,0.00135037673518454,0.0138552393195617,0.0152056160547462,0.974825575822041
"572",0.22,0.73,0.478260869565217,0.01038133016607,0.00504625087148492,0.0154275810375549,0.978574118920636
"573",0.23,0.73,0.5,0.0695800617342992,0.0163302703787697,0.085910332113069,1.1001709789656
"574",0.24,0.73,0.521739130434783,0.0120398849064472,0.0203096207500445,0.0323495056564917,1.02552503609316
"575",0.25,0.73,0.543478260869565,0.0199321090240281,0.0146281843260078,0.0345602933500359,1.04309998201551
"576",0.01,0.74,0.0208333333333333,0.000163976219190535,0.000255836214557217,0.000419812433747751,1.00650154233986
"577",0.02,0.74,0.0416666666666667,-0.000189745422684955,0.00030310615704231,0.000113360734357356,0.989486886864116
"578",0.03,0.74,0.0625,0.00431853681556463,-0.000363249677297692,0.00395528713826693,1.0197059127322
"579",0.04,0.74,0.0833333333333333,0.000313409464635416,0.00108521049674781,0.00139861996138323,1.01136003813818
"580",0.05,0.74,0.104166666666667,0.00937458403536314,-0.000722455558983744,0.00865212847637939,0.918585083267118
"581",0.06,0.74,0.125,0.00406950075854384,0.0141083195087956,0.0181778202673395,1.08818491568713
"582",0.07,0.74,0.145833333333333,-0.000177340197306273,4.97206629310776e-05,-0.000127619534375196,0.967385551477643
"583",0.08,0.74,0.166666666666667,0.00894518321377366,0.00162016654218935,0.010565349755963,0.928497802839897
"584",0.09,0.74,0.1875,0.00547176224737583,0.00159789477742163,0.00706965702479745,1.04434460667269
"585",0.1,0.74,0.208333333333333,0.00152958854196792,0.00101745358789306,0.00254704212986098,1.0091675515618
"586",0.11,0.74,0.229166666666667,-0.00077397528995807,0.00156606153224004,0.000792086242281974,0.977700052409386
"587",0.12,0.74,0.25,0.000117455187550358,0.0122920121501806,0.012409467337731,1.05377902746281
"588",0.13,0.74,0.270833333333333,0.00416566712998638,0.0095196231299486,0.013685290259935,0.96130924928166
"589",0.14,0.74,0.291666666666667,0.00881526186418241,0.000152990640879616,0.00896825250506203,1.01036668192156
"590",0.15,0.74,0.3125,0.000983936795033808,0.000241004093941803,0.00122494088897561,1.0033001429408
"591",0.16,0.74,0.333333333333333,0.0134467189197585,-8.7713559974097e-05,0.0133590053597844,0.995568603947448
"592",0.17,0.74,0.354166666666667,0.000507852786647758,0.000322912072941431,0.000830764859589189,0.971118398450999
"593",0.18,0.74,0.375,0.00421354891018293,0.0022269588688191,0.00644050777900203,0.978762165999649
"594",0.19,0.74,0.395833333333333,0.00690781393530544,0.00103076647879233,0.00793858041409776,0.993998079023881
"595",0.2,0.74,0.416666666666667,0.0265929996954163,0.00620849283283572,0.032801492528252,1.06384016836502
"596",0.21,0.74,0.4375,0.00575318988490833,0.00948082408659306,0.0152340139715014,0.996610500495955
"597",0.22,0.74,0.458333333333333,0.0132347713249357,0.01059997377945,0.0238347451043857,1.01901448118505
"598",0.23,0.74,0.479166666666667,0.0038478003390914,0.00403055364005734,0.00787835397914874,0.958526212064464
"599",0.24,0.74,0.5,0.00873403367308386,0.00291387603434447,0.0116479097074283,0.979617253372603
"600",0.25,0.74,0.520833333333333,0.0295097305171918,0.0060219714548017,0.0355317019719935,0.95114567150636
"601",0.01,0.75,0.02,0.0021370218152604,0.000104656676142771,0.00224167849140317,1.00954303867661
"602",0.02,0.75,0.04,0.0036832419388167,0.000495561290119161,0.00417880322893587,0.936035598527771
"603",0.03,0.75,0.06,0.00084284924231344,0.00145301526058827,0.00229586450290171,1.02237008175458
"604",0.04,0.75,0.08,0.00198683720807287,0.00512890162116084,0.00711573882923371,1.0510238786762
"605",0.05,0.75,0.1,-0.000137637324285702,0.00473472432915948,0.00459708700487378,0.99365534930043
"606",0.06,0.75,0.12,0.000657371698435691,-0.000160173225602079,0.000497198472833612,1.00248468370692
"607",0.07,0.75,0.14,0.00803899079991672,0.00287207078417109,0.0109110615840878,1.00289450483475
"608",0.08,0.75,0.16,0.00848540373552788,0.00058632489047882,0.0090717286260067,0.999295176054547
"609",0.09,0.75,0.18,-0.000476900324358608,0.00834123653173069,0.00786433620737208,1.01997897361672
"610",0.1,0.75,0.2,-4.2452622187075e-05,0.000890771562097723,0.000848318939910648,0.958937762649407
"611",0.11,0.75,0.22,0.00140811612980994,0.00346399264624064,0.00487210877605058,1.0145025817553
"612",0.12,0.75,0.24,0.00292022105675009,1.29492402470203e-05,0.00293317029699711,1.00206862764761
"613",0.13,0.75,0.26,0.00243488784566918,4.4096854035223e-05,0.00247898469970441,0.971569614054036
"614",0.14,0.75,0.28,0.000405807412555158,5.41179997646232e-06,0.00041121921253162,0.966221251970417
"615",0.15,0.75,0.3,0.00616920835115289,0.00115212522346812,0.00732133357462101,0.990141094465975
"616",0.16,0.75,0.32,0.00195986036771407,0.00819678080807504,0.0101566411757891,1.019289688252
"617",0.17,0.75,0.34,0.0033887468599859,8.57933173736124e-05,0.00347454017735952,0.953921077169153
"618",0.18,0.75,0.36,0.00378860793368575,0.0158528358999008,0.0196414438335866,1.05330189149816
"619",0.19,0.75,0.38,0.0177316606747517,0.00688876321425112,0.0246204238890028,1.05037369901679
"620",0.2,0.75,0.4,0.0113508217444111,0.00135080897796057,0.0127016307223717,1.0217661494612
"621",0.21,0.75,0.42,0.00873908502383771,0.00103727196715731,0.00977635699099502,0.992504013169611
"622",0.22,0.75,0.44,0.0119590416120819,0.00595088327911611,0.017909924891198,1.05436010779306
"623",0.23,0.75,0.46,0.011777060167669,0.0098324028592843,0.0216094630269533,1.03221036962889
"624",0.24,0.75,0.48,0.0157738726822104,0.00366529505512468,0.0194391677373351,1.00214481416496
"625",0.25,0.75,0.5,0.0129359471928011,0.0139750546661617,0.0269110018589628,1.02438210871313
"626",0.01,0.76,0.0192307692307692,0.00129240693242322,0.00595170344235657,0.00724411037477979,1.0089220009573
"627",0.02,0.76,0.0384615384615385,0.000777593343164051,0.000347309149672242,0.00112490249283629,0.964267066325645
"628",0.03,0.76,0.0576923076923077,0.00148430820196339,0.00235527336556725,0.00383958156753064,0.944635463317649
"629",0.04,0.76,0.0769230769230769,0.000194577307131372,0.000318967409309987,0.00051354471644136,1.01437514723432
"630",0.05,0.76,0.0961538461538462,0.00129889200759702,-0.000121259499669076,0.00117763250792795,1.00000438028561
"631",0.06,0.76,0.115384615384615,0.00751722860658537,0.00666822240389581,0.0141854510104812,1.05877264954167
"632",0.07,0.76,0.134615384615385,0.0256119521499873,0.0142666967089497,0.039878648858937,0.979486654312405
"633",0.08,0.76,0.153846153846154,0.00593112162591172,0.00147229390922227,0.00740341553513399,1.03914124773961
"634",0.09,0.76,0.173076923076923,0.000367938786056791,0.000962146398764199,0.00133008518482099,0.964618086970715
"635",0.1,0.76,0.192307692307692,0.000227771578184204,0.00219827623978166,0.00242604781796586,0.979634280579249
"636",0.11,0.76,0.211538461538462,0.00437436047701083,0.000240819703988302,0.00461518018099913,0.933781518638256
"637",0.12,0.76,0.230769230769231,0.000242051313259637,0.00583083795688658,0.00607288927014622,0.935999347591875
"638",0.13,0.76,0.25,0.00526724100160769,0.00273699598361649,0.00800423698522418,1.03331891099877
"639",0.14,0.76,0.269230769230769,0.0196449168809836,0.00180666757081945,0.0214515844518031,1.06683513905748
"640",0.15,0.76,0.288461538461538,0.0223858552241031,0.00222157856198051,0.0246074337860836,1.08014088828539
"641",0.16,0.76,0.307692307692308,0.00635667446595666,0.00731165298858554,0.0136683274545422,1.06355754702456
"642",0.17,0.76,0.326923076923077,0.00302120402605031,0.000874584724630043,0.00389578875068035,1.00178920579695
"643",0.18,0.76,0.346153846153846,0.000814493800924591,0.00650246154952822,0.00731695535045281,0.986447580402981
"644",0.19,0.76,0.365384615384615,0.00114650497975213,0.00216070753157242,0.00330721251132455,0.989348773577711
"645",0.2,0.76,0.384615384615385,0.00172335832734641,0.000323316429658284,0.00204667475700469,0.961686071495162
"646",0.21,0.76,0.403846153846154,0.00049362299829648,0.000240483921274494,0.000734106919570975,0.948002170992067
"647",0.22,0.76,0.423076923076923,0.0103957526749192,0.00299684360273358,0.0133925962776527,1.03002051367754
"648",0.23,0.76,0.442307692307692,0.00262987360387245,0.017870650596466,0.0205005242003384,1.02137014649038
"649",0.24,0.76,0.461538461538462,0.00195233630945999,0.00139603934822482,0.00334837565768481,0.948470784641731
"650",0.25,0.76,0.480769230769231,0.00246258211147903,0.0242849244322736,0.0267475065437527,1.01303169913032
"651",0.01,0.77,0.0185185185185185,-0.000253585495662036,0.00200795285540243,0.0017543673597404,0.961539679636927
"652",0.02,0.77,0.037037037037037,0.00298998995274191,0.00217173585778371,0.00516172581052562,0.94773155029917
"653",0.03,0.77,0.0555555555555556,0.00101915817083289,-0.00115799054402602,-0.000138832373193137,0.990799857552664
"654",0.04,0.77,0.0740740740740741,-0.000227518117871321,0.00103484733130858,0.000807329213437256,0.971575762391166
"655",0.05,0.77,0.0925925925925926,0.000843436704655974,0.000172225337296723,0.0010156620419527,1.01400558165595
"656",0.06,0.77,0.111111111111111,0.00652958385534366,8.70997001228449e-05,0.00661668355546651,1.0104323307814
"657",0.07,0.77,0.12962962962963,0.018941390524697,0.0112937668245666,0.0302351573492635,1.11690815209115
"658",0.08,0.77,0.148148148148148,0.0032836182070098,0.00680104273535633,0.0100846609423661,0.978063650280529
"659",0.09,0.77,0.166666666666667,0.00226944061449899,0.00228459682324657,0.00455403743774556,1.03207017348618
"660",0.1,0.77,0.185185185185185,0.00162333485218775,0.000367012675366883,0.00199034752755463,0.987298476617429
"661",0.11,0.77,0.203703703703704,0.00785700452268407,0.000670322112776249,0.00852732663546032,1.03053777054131
"662",0.12,0.77,0.222222222222222,0.00461950334104055,0.00217104944137138,0.00679055278241194,1.03045114155975
"663",0.13,0.77,0.240740740740741,0.000102078890140963,0.0101091603357674,0.0102112392259084,1.02589462039157
"664",0.14,0.77,0.259259259259259,0.00214637371941993,0.0117189859365054,0.0138653596559253,1.04444531381258
"665",0.15,0.77,0.277777777777778,0.0229449166487488,0.00849843722406919,0.031443353872818,1.10331203576842
"666",0.16,0.77,0.296296296296296,0.00100677090913837,0.00742112556192888,0.00842789647106725,1.00323596475709
"667",0.17,0.77,0.314814814814815,0.00201242234606381,0.00887609275298017,0.010888515099044,1.03221527110237
"668",0.18,0.77,0.333333333333333,0.00599636370018446,0.0243240563867986,0.030320420086983,1.06539482458748
"669",0.19,0.77,0.351851851851852,0.0069905724202794,0.012514721648179,0.0195052940684584,1.04455364534392
"670",0.2,0.77,0.37037037037037,0.00964123178753072,0.00366648974587443,0.0133077215334051,1.02913835778847
"671",0.21,0.77,0.388888888888889,0.0178838183476223,0.0161737972753205,0.0340576156229428,1.07585405985119
"672",0.22,0.77,0.407407407407407,0.0195005016775594,0.0106684086888846,0.030168910366444,1.06942888058361
"673",0.23,0.77,0.425925925925926,0.00270784915652757,0.0209140710767076,0.0236219202332351,1.06632645628985
"674",0.24,0.77,0.444444444444444,0.0219819534452434,0.00332978277296442,0.0253117362182078,1.04205782181879
"675",0.25,0.77,0.462962962962963,0.002978589422343,0.0125877022249115,0.0155662916472545,0.989165480073718
"676",0.01,0.78,0.0178571428571429,0.00121874967758795,0.000278323845067983,0.00149707352265593,0.971162015541656
"677",0.02,0.78,0.0357142857142857,0.00402671734934616,0.00750450287203319,0.0115312202213793,0.964910685351544
"678",0.03,0.78,0.0535714285714286,0.00563774064603229,2.1356081537985e-05,0.00565909672757027,1.0371623397852
"679",0.04,0.78,0.0714285714285714,0.0015995720599454,0.0018462902039775,0.0034458622639229,0.947699440137114
"680",0.05,0.78,0.0892857142857143,0.00145005905120536,-4.86427942954358e-05,0.00140141625690992,0.941619295742185
"681",0.06,0.78,0.107142857142857,0.00181802634961898,0.00222196291413406,0.00403998926375304,0.944919706016096
"682",0.07,0.78,0.125,0.033006593163353,0.000172742158940205,0.0331793353222932,1.09715983349965
"683",0.08,0.78,0.142857142857143,0.00255010297719497,-0.000192217081772476,0.0023578858954225,1.00305631556316
"684",0.09,0.78,0.160714285714286,0.000151714674522037,-0.000119676613183535,3.20380613385027e-05,0.985404070548383
"685",0.1,0.78,0.178571428571429,0.000167246853341819,0.00183203135525023,0.00199927820859205,0.993442194135582
"686",0.11,0.78,0.196428571428571,-4.0400776854084e-05,0.000280700704996276,0.000240299928142192,0.959082282763454
"687",0.12,0.78,0.214285714285714,9.22894572572752e-05,0.000711356220356075,0.00080364567761335,1.00672668775041
"688",0.13,0.78,0.232142857142857,0.00458043896199282,0.00202200897328552,0.00660244793527835,0.922688289272851
"689",0.14,0.78,0.25,0.00328983931006239,0.0100899655823841,0.0133798048924465,1.05941084612471
"690",0.15,0.78,0.267857142857143,0.0167718803111342,-0.00010113108755995,0.0166707492235742,1.03965948334049
"691",0.16,0.78,0.285714285714286,0.0124360285962864,0.00216536159260519,0.0146013901888916,1.04960549801698
"692",0.17,0.78,0.303571428571429,-9.83257668354601e-05,0.00365074031315812,0.00355241454632266,0.944001934728792
"693",0.18,0.78,0.321428571428571,0.00162877651623689,0.00325413096655596,0.00488290748279284,0.985232325132402
"694",0.19,0.78,0.339285714285714,0.00834111292399321,0.0129974468328354,0.0213385597568287,1.07057741083535
"695",0.2,0.78,0.357142857142857,0.00103125455374524,-0.000179103335041335,0.000852151218703904,0.95609797490803
"696",0.21,0.78,0.375,0.000251031645531604,3.5691062104156e-06,0.00025460075174202,0.958813665959348
"697",0.22,0.78,0.392857142857143,0.00119221774022679,0.000453008189731867,0.00164522592995866,0.938416026905162
"698",0.23,0.78,0.410714285714286,0.0103652215607617,0.000453447025923298,0.010818668586685,0.98815522841049
"699",0.24,0.78,0.428571428571429,0.0257915970525844,0.00359500929540913,0.0293866063479936,1.03832528214191
"700",0.25,0.78,0.446428571428571,0.00119278909423066,0.0157173138397063,0.016910102933937,1.00195159481239
"701",0.01,0.79,0.0172413793103448,0.00101951421827393,-0.000222548077065138,0.000796966141208788,1.00062759582145
"702",0.02,0.79,0.0344827586206897,0.0167980103922126,0.00347037635987619,0.0202683867520888,1.09343391447421
"703",0.03,0.79,0.0517241379310345,0.00505203407753708,0.00381690542160221,0.00886893949913929,0.988732520428849
"704",0.04,0.79,0.0689655172413793,0.0108319196779661,-0.000624665137235797,0.0102072545407303,1.01648150831693
"705",0.05,0.79,0.0862068965517241,0.00148425458422624,0.0123380237712545,0.0138222783554807,1.02524186055372
"706",0.06,0.79,0.103448275862069,-6.11909379781675e-05,3.00676941197418e-05,-3.11232438584257e-05,0.988212370197924
"707",0.07,0.79,0.120689655172414,0.0180170893786978,0.000733579911109783,0.0187506692898076,1.04899119675769
"708",0.08,0.79,0.137931034482759,0.00590682248373017,0.000596988025007004,0.00650381050873717,0.959913733960096
"709",0.09,0.79,0.155172413793103,0.000217749049840899,0.00246144138826047,0.00267919043810137,1.01244138100691
"710",0.1,0.79,0.172413793103448,0.00174230227198148,0.00940589742478863,0.0111481996967701,1.04363956509272
"711",0.11,0.79,0.189655172413793,0.0154561232700894,-0.000262986117634936,0.0151931371524545,1.03123596876795
"712",0.12,0.79,0.206896551724138,0.00168803173945429,0.00639644820695128,0.00808447994640557,0.951429315994732
"713",0.13,0.79,0.224137931034483,-0.000273922933083213,0.00196609606729892,0.00169217313421571,0.984363717692515
"714",0.14,0.79,0.241379310344828,0.00316317260794441,0.000530477659217122,0.00369365026716153,0.998075985710425
"715",0.15,0.79,0.258620689655172,0.000224280417849519,-0.000112503884407341,0.000111776533442178,0.975551536008764
"716",0.16,0.79,0.275862068965517,0.0062329112978013,0.00110028744256277,0.00733319874036407,1.03346472237205
"717",0.17,0.79,0.293103448275862,0.00767270656492999,-3.49618676962294e-05,0.00763774469723376,1.01523776295407
"718",0.18,0.79,0.310344827586207,0.012216183353378,0.00867625119264903,0.0208924345460271,1.06293457486495
"719",0.19,0.79,0.327586206896552,0.00659916642473275,0.00642273022753347,0.0130218966522662,1.05456585403708
"720",0.2,0.79,0.344827586206897,0.000943235381818185,0.00585773035234746,0.00680096573416564,0.983035504213816
"721",0.21,0.79,0.362068965517241,0.000703044132424008,0.000452584421044119,0.00115562855346813,0.964937890739602
"722",0.22,0.79,0.379310344827586,0.00637693690976175,0.000186881178294449,0.0065638180880562,0.983333181360033
"723",0.23,0.79,0.396551724137931,0.0100474930983218,0.00392930451618022,0.013976797614502,0.939664283898502
"724",0.24,0.79,0.413793103448276,0.0115294113907584,0.000858029826989284,0.0123874412177476,0.983439579520614
"725",0.25,0.79,0.431034482758621,0.00355981409263859,0.000899839802184376,0.00445965389482297,0.960624717912334
"726",0.01,0.8,0.0166666666666667,0.00369290006526261,0.0102248518339445,0.0139177518992071,1.01116035544404
"727",0.02,0.8,0.0333333333333333,0.000386304538074354,-0.000190118495614069,0.000196186042460285,0.997838132952287
"728",0.03,0.8,0.05,0.00275510021963443,0.00823616936309104,0.0109912695827255,1.00169621057033
"729",0.04,0.8,0.0666666666666667,0.00734700508700643,0.0120104433883357,0.0193574484753421,1.00698225034677
"730",0.05,0.8,0.0833333333333333,0.000847291924585285,0.0105587768290343,0.0114060687536196,1.05772368902752
"731",0.06,0.8,0.1,0.00357935742121672,0.0012065313156071,0.00478588873682382,0.98926001769791
"732",0.07,0.8,0.116666666666667,0.00538483794197636,0.000416038247298563,0.00580087618927492,1.03922927574458
"733",0.08,0.8,0.133333333333333,0.00111265238701534,0.000199269761891898,0.00131192214890723,0.975805927752518
"734",0.09,0.8,0.15,0.00234123871393986,-0.000164749396293656,0.0021764893176462,1.00393536955592
"735",0.1,0.8,0.166666666666667,0.00219840623081417,3.10065383239181e-05,0.00222941276913809,0.997795422686626
"736",0.11,0.8,0.183333333333333,0.00295994460436079,0.00426037201971441,0.0072203166240752,1.04184135419245
"737",0.12,0.8,0.2,-0.000651380054829844,0.000916617105643695,0.000265237050813851,0.981666697550568
"738",0.13,0.8,0.216666666666667,0.000178550188358713,0.000793270286585372,0.000971820474944085,0.966472106648616
"739",0.14,0.8,0.233333333333333,0.000356584827027776,0.00258364493508655,0.00294022976211432,1.01581129284568
"740",0.15,0.8,0.25,0.0029937371809379,0.00510474242108626,0.00809847960202415,1.03469045409214
"741",0.16,0.8,0.266666666666667,0.000861930930687997,0.00896955882315754,0.00983148975384554,0.995331835942567
"742",0.17,0.8,0.283333333333333,-6.90343702025194e-06,-0.00099397969999986,-0.00100088313702011,0.958490913449843
"743",0.18,0.8,0.3,0.00142709884241819,-0.000105514249577888,0.0013215845928403,1.00444734074623
"744",0.19,0.8,0.316666666666667,0.00871307567413534,0.00114108932069939,0.00985416499483473,1.01755305609836
"745",0.2,0.8,0.333333333333333,0.0175160669645848,0.00114345063679469,0.0186595176013794,1.03106654863859
"746",0.21,0.8,0.35,0.000607689869750844,0.0136681138237293,0.0142758036934801,1.04758268049727
"747",0.22,0.8,0.366666666666667,0.00055017822678093,0.00351039984033681,0.00406057806711774,0.986854660678028
"748",0.23,0.8,0.383333333333333,-0.000283309096597394,0.000496545890024654,0.00021323679342726,0.993432622136673
"749",0.24,0.8,0.4,0.000493408500061392,0.00115109766776062,0.00164450616782202,0.962632082784656
"750",0.25,0.8,0.416666666666667,0.00430091115855928,0.0121384098071322,0.0164393209656915,1.03493057343234
"751",0.01,0.81,0.0161290322580645,0.00438563345135159,-0.000145643217408483,0.0042399902339431,1.02560773041973
"752",0.02,0.81,0.032258064516129,-0.00020988756691329,0.0003624614110112,0.00015257384409791,0.944607149201307
"753",0.03,0.81,0.0483870967741935,0.000833680746952348,0.00606067286637629,0.00689435361332864,0.964607848169319
"754",0.04,0.81,0.064516129032258,0.00231892387374733,0.00257453066413874,0.00489345453788608,1.04824623079823
"755",0.05,0.81,0.0806451612903226,0.00285252057223569,0.00619250391448146,0.00904502448671715,0.978004708082052
"756",0.06,0.81,0.0967741935483871,0.000279148718400867,0.00231136033304636,0.00259050905144723,1.02504220815381
"757",0.07,0.81,0.112903225806452,0.00452659530252824,0.0062826983369806,0.0108092936395088,0.975510481017145
"758",0.08,0.81,0.129032258064516,0.000177046073973316,0.00316270066007167,0.00333974673404498,1.02073919215603
"759",0.09,0.81,0.145161290322581,0.000512635323679773,0.00198129156174309,0.00249392688542286,1.03190115643311
"760",0.1,0.81,0.161290322580645,0.000721422415963774,0.00215176005074284,0.00287318246670662,0.946444849152389
"761",0.11,0.81,0.17741935483871,0.011208768546202,0.0101703748458287,0.0213791433920307,1.08868462480673
"762",0.12,0.81,0.193548387096774,0.00108170684123258,-0.000137023938244389,0.000944682902988194,0.998666827194968
"763",0.13,0.81,0.209677419354839,-0.000250662907386731,-8.05259911104773e-05,-0.000331188898497209,0.972550947333662
"764",0.14,0.81,0.225806451612903,0.00598142363991525,0.000266861592535332,0.00624828523245058,1.03983251505496
"765",0.15,0.81,0.241935483870968,3.02487329985472e-05,0.00566672758885702,0.00569697632185557,0.999625756468965
"766",0.16,0.81,0.258064516129032,0.000110915655417472,0.00457698530843719,0.00468790096385466,1.02847819274145
"767",0.17,0.81,0.274193548387097,0.00549559189581106,0.0145140650294012,0.0200096569252123,0.943613517887235
"768",0.18,0.81,0.290322580645161,0.0112384897188252,0.00187908513002597,0.0131175748488511,1.03416171118714
"769",0.19,0.81,0.306451612903226,0.00194869547645272,0.0118877255079925,0.0138364209844452,1.04301305159225
"770",0.2,0.81,0.32258064516129,0.00279368382351005,0.000570020064209259,0.00336370388771931,0.979479727091043
"771",0.21,0.81,0.338709677419355,0.000229117250551145,0.0095149439245182,0.00974406117506934,0.993144225452084
"772",0.22,0.81,0.354838709677419,0.000117626377145534,0.00346915886574871,0.00358678524289424,0.925377535942233
"773",0.23,0.81,0.370967741935484,0.0152111315786101,0.00372184010182773,0.0189329716804378,1.04816494522913
"774",0.24,0.81,0.387096774193548,0.00558629014566289,0.00789392760036945,0.0134802177460323,1.02277812537832
"775",0.25,0.81,0.403225806451613,0.0162619278178215,0.00107428711508277,0.0173362149329043,1.00502105830018
"776",0.01,0.82,0.015625,0.00930454781121124,0.00450914301296183,0.0138136908241731,1.07765812800402
"777",0.02,0.82,0.03125,0.000525190015973746,0.010390324706632,0.0109155147226058,1.05818879727372
"778",0.03,0.82,0.046875,0.004569034829887,0.00363633047130253,0.00820536530118953,1.05832925847607
"779",0.04,0.82,0.0625,0.011583267878105,-0.000189188457879458,0.0113940794202255,1.04595217411201
"780",0.05,0.82,0.078125,-0.000158702223198496,0.000981812901697782,0.000823110678499285,0.965603183917586
"781",0.06,0.82,0.09375,-0.000138640850798749,0.00214079880460213,0.00200215795380339,0.944314810916761
"782",0.07,0.82,0.109375,0.00884856633285023,-0.00047722187878232,0.00837134445406791,1.03906105664919
"783",0.08,0.82,0.125,0.00160462391734233,3.77169429683425e-05,0.00164234086031067,0.998284395730539
"784",0.09,0.82,0.140625,0.00333375956893665,0.000659385641505053,0.0039931452104417,1.03951168125447
"785",0.1,0.82,0.15625,0.00040231446491306,0.0044580569256631,0.00486037139057616,1.01503487452028
"786",0.11,0.82,0.171875,0.000490480123206203,0.0161052895872345,0.0165957697104407,1.03121284208884
"787",0.12,0.82,0.1875,6.87674860036323e-05,0.00637478879289487,0.00644355627889851,1.02242323726831
"788",0.13,0.82,0.203125,0.00615658086964553,0.00184462463316977,0.0080012055028153,1.03697554424918
"789",0.14,0.82,0.21875,0.00302502496068937,0.00239744950745131,0.00542247446814068,0.995522469963953
"790",0.15,0.82,0.234375,-0.000243270259213721,-0.000405960254911352,-0.000649230514125073,0.950187803707446
"791",0.16,0.82,0.25,0.00732153703352153,-4.32525498720727e-06,0.00731721177853432,1.03722897320423
"792",0.17,0.82,0.265625,0.00180646011745392,-0.00096946921376679,0.000836990903687134,0.974233486089788
"793",0.18,0.82,0.28125,0.00547337701511349,0.011278230112585,0.0167516071276985,1.05828975313194
"794",0.19,0.82,0.296875,2.20107758056676e-05,0.0155269434922187,0.0155489542680243,1.0381991795563
"795",0.2,0.82,0.3125,0.00191517587886787,0.00880364788598102,0.0107188237648489,1.03335320567703
"796",0.21,0.82,0.328125,0.00137445689466654,0.00607591591570771,0.00745037281037425,1.01255820757842
"797",0.22,0.82,0.34375,0.0127804773497342,0.00228014667680705,0.0150606240265412,1.0435065596831
"798",0.23,0.82,0.359375,0.016443759021277,0.000672370622526223,0.0171161296438033,1.05412525109443
"799",0.24,0.82,0.375,0.00518961108651995,0.00125078875195623,0.00644039983847618,1.01068846069174
"800",0.25,0.82,0.390625,0.000770840362748799,0.000353196571388691,0.00112403693413749,0.975049889118231
"801",0.01,0.83,0.0151515151515151,0.00720981516267307,0.00362096097838762,0.0108307761410607,1.00454575996744
"802",0.02,0.83,0.0303030303030303,0.00359271764252489,-0.000420049747163841,0.00317266789536105,1.02113453464634
"803",0.03,0.83,0.0454545454545454,0.00313826048800163,0.00488919580491359,0.00802745629291521,1.05016143427117
"804",0.04,0.83,0.0606060606060606,-0.000296978605461283,0.00164052940118031,0.00134355079571903,0.95930722217106
"805",0.05,0.83,0.0757575757575757,-0.000196441377076528,-0.000270385045025568,-0.000466826422102096,0.974885968459777
"806",0.06,0.83,0.0909090909090909,0.0367929076392348,0.000681997558814947,0.0374749051980497,1.11076729087779
"807",0.07,0.83,0.106060606060606,0.000979835562068312,0.00119048060616122,0.00217031616822953,0.942378547291476
"808",0.08,0.83,0.121212121212121,0.00630495990192293,0.00103442514650563,0.00733938504842856,1.03922668376867
"809",0.09,0.83,0.136363636363636,0.000244039677614256,0.000447795197660285,0.000691834875274542,0.967081757175611
"810",0.1,0.83,0.151515151515151,0.00501815928603088,0.00643948909922436,0.0114576483852552,1.06167989718573
"811",0.11,0.83,0.166666666666667,0.00015545343797091,0.00738036506389123,0.00753581850186214,0.95187275550775
"812",0.12,0.83,0.181818181818182,0.000588879814862868,0.000343333133948453,0.000932212948811321,0.97979269034051
"813",0.13,0.83,0.196969696969697,-0.000765557192733951,0.000153090352892909,-0.000612466839841041,0.965501233584562
"814",0.14,0.83,0.212121212121212,0.00888671649409802,-0.000387173767175092,0.00849954272692293,0.927955600685583
"815",0.15,0.83,0.227272727272727,0.00245620088114034,0.00766169153428362,0.010117892415424,1.03260239651224
"816",0.16,0.83,0.242424242424242,-5.99639680885058e-05,0.0188701132919692,0.0188101493238807,1.06026804102372
"817",0.17,0.83,0.257575757575758,0.00104803358618037,-0.000121474903379666,0.000926558682800706,0.935267152639821
"818",0.18,0.83,0.272727272727273,0.00117330579532313,0.00645356320435166,0.00762686899967479,0.961203409246109
"819",0.19,0.83,0.287878787878788,0.00876519464640015,0.00757405438929064,0.0163392490356908,1.06008967225405
"820",0.2,0.83,0.303030303030303,0.0217011363183475,0.00346032223990008,0.0251614585582476,1.05582616486144
"821",0.21,0.83,0.318181818181818,0.0182054020176753,0.00113246268953383,0.0193378647072092,1.0450930732845
"822",0.22,0.83,0.333333333333333,0.0126620922166266,0.000226389432088323,0.0128884816487149,0.918006902148507
"823",0.23,0.83,0.348484848484848,0.000566002241410622,0.0170634081444372,0.0176294103858478,1.04273864450566
"824",0.24,0.83,0.363636363636364,0.000209980697166541,0.000454484513009604,0.000664465210176145,0.958628846721808
"825",0.25,0.83,0.378787878787879,0.00740602902496147,-4.54104578032005e-06,0.00740148797918115,1.02258860661146
"826",0.01,0.84,0.0147058823529412,0.00205141548455369,0.00570448587304577,0.00775590135759946,1.04610077455733
"827",0.02,0.84,0.0294117647058823,0.000619632392446512,0.00507035107117589,0.0056899834636224,0.96096255243399
"828",0.03,0.84,0.0441176470588235,0.0025241795842282,0.00182997283790297,0.00435415242213117,0.988905453119277
"829",0.04,0.84,0.0588235294117647,0.000831097794333573,-0.000322430822163033,0.00050866697217054,0.978395972946463
"830",0.05,0.84,0.0735294117647059,-0.000876563633231959,-0.000508476337207954,-0.00138503997043991,0.965896897121597
"831",0.06,0.84,0.0882352941176471,-0.000517281072892862,0.000274023173831168,-0.000243257899061694,0.949512288091881
"832",0.07,0.84,0.102941176470588,-0.000230106156974603,0.00471190156245525,0.00448179540548065,1.020861437897
"833",0.08,0.84,0.117647058823529,0.00169754539009472,-9.81921737205042e-05,0.00159935321637421,0.998970512493754
"834",0.09,0.84,0.132352941176471,0.000977160747475413,0.00326428159918495,0.00424144234666036,1.02898907976881
"835",0.1,0.84,0.147058823529412,0.00309982365363596,0.0104854597956125,0.0135852834492484,1.07372140669196
"836",0.11,0.84,0.161764705882353,-5.41855486887168e-05,0.00302980008807138,0.00297561453938266,1.02308897398541
"837",0.12,0.84,0.176470588235294,1.73233804079644e-05,0.00556381552730868,0.00558113890771664,1.02863885897171
"838",0.13,0.84,0.191176470588235,3.21330033364293e-05,7.12268577706649e-06,3.92556891134958e-05,0.979995142127931
"839",0.14,0.84,0.205882352941176,0.0124242166371514,0.000261808740242259,0.0126860253773936,0.941671153058945
"840",0.15,0.84,0.220588235294118,-6.25136655580453e-05,0.00266354163180383,0.00260102796624579,0.955956533787464
"841",0.16,0.84,0.235294117647059,-0.000900898109496815,0.00975978508668159,0.00885888697718477,1.03521812377783
"842",0.17,0.84,0.25,0.00459281317583509,0.00194783121965183,0.00654064439548691,1.04291951217307
"843",0.18,0.84,0.264705882352941,0.00212452147907432,0.000785553916253546,0.00291007539532786,1.01376680194083
"844",0.19,0.84,0.279411764705882,0.00279421901756187,0.00240951090118314,0.00520372991874501,0.956813006287458
"845",0.2,0.84,0.294117647058823,0.000294133788913927,7.35279777072185e-05,0.000367661766621145,0.987342853903549
"846",0.21,0.84,0.308823529411765,0.00021029296704932,6.48710294214376e-06,0.000216780069991463,0.970501334732213
"847",0.22,0.84,0.323529411764706,0.000446751137738355,0.000690574865101959,0.00113732600284031,0.980494277075504
"848",0.23,0.84,0.338235294117647,-0.00036193770690924,0.00105046882887823,0.000688531121968994,0.951609641055394
"849",0.24,0.84,0.352941176470588,0.000276869860084434,0.000161697639729651,0.000438567499814085,0.954666229654385
"850",0.25,0.84,0.367647058823529,0.00125837309266562,0.00045127531714355,0.00170964840980917,0.963139880279338
"851",0.01,0.85,0.0142857142857143,-0.000148706319811145,0.00504354675461201,0.00489484043480086,1.02085522654986
"852",0.02,0.85,0.0285714285714286,0.000623408127902093,0.00730036129855007,0.00792376942645216,0.932443945505183
"853",0.03,0.85,0.0428571428571428,-8.3101393618792e-05,-8.06021259229729e-05,-0.000163703519541765,0.988827695111224
"854",0.04,0.85,0.0571428571428571,0.00318340192107256,0.000364322724382517,0.00354772464545508,0.965286973212988
"855",0.05,0.85,0.0714285714285714,0.0075743821804404,0.00256214296500932,0.0101365251454497,1.01000070886228
"856",0.06,0.85,0.0857142857142857,-0.000283077451632166,-3.96928339920938e-05,-0.000322770285624259,0.992108215409864
"857",0.07,0.85,0.1,0.000844317982159008,0.00732452174776162,0.00816883972992063,1.04971731399779
"858",0.08,0.85,0.114285714285714,0.00434845716472242,0.00457084811472128,0.0089193052794437,1.054195876242
"859",0.09,0.85,0.128571428571429,0.00525510129635759,0.00511129680700473,0.0103663981033623,1.04507181879133
"860",0.1,0.85,0.142857142857143,0.00727547408513369,0.00217479425335427,0.00945026833848797,1.0506585178878
"861",0.11,0.85,0.157142857142857,0.0136460135870149,0.00459113589071137,0.0182371494777262,1.07763648785273
"862",0.12,0.85,0.171428571428571,0.00257403273843351,-3.17561320149802e-05,0.00254227660641853,0.997396251993211
"863",0.13,0.85,0.185714285714286,0.00470421819015597,0.00161435634462827,0.00631857453478424,0.993778314397526
"864",0.14,0.85,0.2,0.000121867865375236,0.00866571868435478,0.00878758654973002,1.04417844054999
"865",0.15,0.85,0.214285714285714,0.00168250196304133,-1.44417345713604e-08,0.00168248752130676,0.989673088462173
"866",0.16,0.85,0.228571428571429,-0.000173866963505136,-8.95488324048956e-05,-0.000263415795910031,1.00132813272135
"867",0.17,0.85,0.242857142857143,0.00490403346399204,0.00605112062423037,0.0109551540882224,1.03572740476925
"868",0.18,0.85,0.257142857142857,0.00455260964322134,0.00365560825219912,0.00820821789542046,1.05306623765341
"869",0.19,0.85,0.271428571428571,0.00205906594122233,9.52724711197768e-05,0.00215433841234211,0.984673929208298
"870",0.2,0.85,0.285714285714286,0.000162872490797204,6.15778361571039e-05,0.000224450326954308,0.953300510322699
"871",0.21,0.85,0.3,0.000612994380814716,0.000182047993774463,0.000795042374589179,0.984893086491906
"872",0.22,0.85,0.314285714285714,0.000147486404252306,0.000135013023696873,0.000282499427949179,0.964758426222666
"873",0.23,0.85,0.328571428571429,0.000707359816256897,0.0019653775266353,0.00267273734289219,1.0004572473455
"874",0.24,0.85,0.342857142857143,-0.000215060901263901,0.00266129760166061,0.00244623670039671,0.976894166396782
"875",0.25,0.85,0.357142857142857,-9.05599140618549e-05,0.00780877645383113,0.00771821653976928,0.909938630009767
"876",0.01,0.86,0.0138888888888889,0.00401838417488084,0.00105544050549108,0.00507382468037192,0.94262211886965
"877",0.02,0.86,0.0277777777777778,0.000753508957644407,0.000636766040769346,0.00139027499841375,1.01801618435007
"878",0.03,0.86,0.0416666666666667,-6.01190222266947e-05,0.000310832524221645,0.00025071350199495,1.00421354930693
"879",0.04,0.86,0.0555555555555555,-0.0008979820245193,-0.000179691219160183,-0.00107767324367948,0.976257741147557
"880",0.05,0.86,0.0694444444444444,-0.000283449976629619,0.00700010410856368,0.00671665413193406,1.00469431358183
"881",0.06,0.86,0.0833333333333333,0.00888629877052263,0.0017533488700731,0.0106396476405957,1.06007079311627
"882",0.07,0.86,0.0972222222222222,0.000974463515495005,0.00158055609374767,0.00255501960924267,0.975093409482769
"883",0.08,0.86,0.111111111111111,-0.000706362860435758,0.0217618073023025,0.0210554444418668,0.918256107070678
"884",0.09,0.86,0.125,0.0120115794737013,0.00842040974874408,0.0204319892224453,1.10307343677751
"885",0.1,0.86,0.138888888888889,0.00257861045696021,-4.50374352245145e-05,0.0025335730217357,0.958591138845698
"886",0.11,0.86,0.152777777777778,6.81030335708044e-05,-0.000206487107469615,-0.000138384073898811,0.983412640392122
"887",0.12,0.86,0.166666666666667,0.011834533664131,0.0134216803353805,0.0252562139995115,1.09135729870461
"888",0.13,0.86,0.180555555555556,0.000372245488656478,0.00111690021641699,0.00148914570507347,1.01228089297488
"889",0.14,0.86,0.194444444444444,0.0133019484212999,0.012361941864885,0.0256638902861849,0.982168862352229
"890",0.15,0.86,0.208333333333333,-1.14572703593383e-05,0.0039007155295039,0.00388925825914456,1.01922008265808
"891",0.16,0.86,0.222222222222222,0.000540135815542915,0.000389621548094677,0.000929757363637591,0.967642678479955
"892",0.17,0.86,0.236111111111111,0.00947330822399725,0.00142599181572125,0.0108993000397185,1.01004405925421
"893",0.18,0.86,0.25,0.0254853226992588,-1.24173160788094e-05,0.02547290538318,1.04975406313868
"894",0.19,0.86,0.263888888888889,0.0164301481272091,-0.000316542476299783,0.0161136056509093,1.03947542972349
"895",0.2,0.86,0.277777777777778,-0.00011332000661875,-0.000497346546653183,-0.000610666553271933,0.961177563186374
"896",0.21,0.86,0.291666666666667,0.0101728118939808,0.0018465337800077,0.0120193456739885,0.997417125651147
"897",0.22,0.86,0.305555555555555,0.0147005659257819,0.008275697656284,0.0229762635820659,1.06175281114834
"898",0.23,0.86,0.319444444444444,0.00319179244296642,0.00277325286554388,0.0059650453085103,1.00291509718732
"899",0.24,0.86,0.333333333333333,0.000101851683156617,0.0162131422651658,0.0163149939483224,1.03397991851909
"900",0.25,0.86,0.347222222222222,0.00467806220112464,0.000157398862416266,0.00483546106354091,0.994192017334972
"901",0.01,0.87,0.0135135135135135,-0.000535740108940387,0.00372112587045107,0.00318538576151068,1.01921688437863
"902",0.02,0.87,0.027027027027027,0.00101216887374074,0.00153039366709853,0.00254256254083927,1.01927265272165
"903",0.03,0.87,0.0405405405405405,0.00298237288369116,0.000228334619186417,0.00321070750287757,0.939927404266733
"904",0.04,0.87,0.0540540540540541,0.000541403309053132,0.00855170637234457,0.00909310968139771,1.0553954751551
"905",0.05,0.87,0.0675675675675676,0.00343302806683107,0.00185400410007432,0.00528703216690539,1.03400258772556
"906",0.06,0.87,0.0810810810810811,0.00552545790042405,0.0105717859249146,0.0160972438253386,1.08251371719326
"907",0.07,0.87,0.0945945945945946,0.00087932723839373,-0.000738524254085853,0.000140802984307877,0.993745626662021
"908",0.08,0.87,0.108108108108108,0.000839864296336515,-0.000134814252804572,0.000705050043531943,0.965520195458446
"909",0.09,0.87,0.121621621621622,0.00269234494893183,0.00147410027968319,0.00416644522861502,0.97742330159323
"910",0.1,0.87,0.135135135135135,-0.000654679306621284,0.00294584129914833,0.00229116199252705,1.00700597660802
"911",0.11,0.87,0.148648648648649,0.000686791913520729,0.00201357686082731,0.00270036877434804,0.992316156783845
"912",0.12,0.87,0.162162162162162,-0.000703200202096418,0.00984214521324564,0.00913894501114922,0.93054996006628
"913",0.13,0.87,0.175675675675676,0.0140479354433499,0.0143938209860802,0.0284417564294301,1.12165543931674
"914",0.14,0.87,0.189189189189189,0.00262844682045488,0.00217440314004477,0.00480284996049964,1.03898413282959
"915",0.15,0.87,0.202702702702703,0.000163439244864922,5.8583700825252e-05,0.000222022945690174,0.993167383736514
"916",0.16,0.87,0.216216216216216,0.000751914017776155,0.000381190291454733,0.00113310430923089,0.962060178038317
"917",0.17,0.87,0.22972972972973,0.0152144932943387,0.0110516112263975,0.0262661045207362,1.10264503274865
"918",0.18,0.87,0.243243243243243,0.0034551517700739,-0.000250244104085486,0.00320490766598841,1.00174178653875
"919",0.19,0.87,0.256756756756757,0.00117995934765819,0.00123943596330493,0.00241939531096312,0.982267927676967
"920",0.2,0.87,0.27027027027027,0.00325480561963847,0.00338620777767911,0.00664101339731758,1.02546873905249
"921",0.21,0.87,0.283783783783784,0.00570971135744773,0.00686408464342413,0.0125737960008719,1.05880362330005
"922",0.22,0.87,0.297297297297297,0.0104537764360221,-0.000135323123236639,0.0103184533127855,0.926490080901201
"923",0.23,0.87,0.310810810810811,0.000288542726470052,0.0143875513991767,0.0146760941256468,0.884299399434931
"924",0.24,0.87,0.324324324324324,-0.000181892435390725,0.00928236592098417,0.00910047348559345,1.01506800445748
"925",0.25,0.87,0.337837837837838,0.000902634673652391,0.00222194537736563,0.00312458005101802,0.982518327457949
"926",0.01,0.88,0.0131578947368421,-0.000219830172613182,0.00611028667349557,0.00589045650088239,0.940560905923274
"927",0.02,0.88,0.0263157894736842,0.000632629540597847,0.000733821009435259,0.00136645055003311,0.965414944456532
"928",0.03,0.88,0.0394736842105263,0.00605095816921699,0.0207878944338985,0.0268388526031155,1.11114850168507
"929",0.04,0.88,0.0526315789473684,-0.00104289507705243,-0.000166708004578114,-0.00120960308163054,0.978742519821299
"930",0.05,0.88,0.0657894736842105,0.000941523872901177,-0.000541962795294519,0.000399561077606658,0.99603359122176
"931",0.06,0.88,0.0789473684210526,-0.000217890334088547,0.00188294500819048,0.00166505467410193,1.00334244038228
"932",0.07,0.88,0.0921052631578947,0.00287114256762686,0.000580861564886438,0.0034520041325133,0.969286716932398
"933",0.08,0.88,0.105263157894737,0.00770890486377514,0.000101841675168415,0.00781074653894356,1.03122326617063
"934",0.09,0.88,0.118421052631579,0.000444568759788522,0.00598953364182215,0.00643410240161068,1.0377080218319
"935",0.1,0.88,0.131578947368421,0.001484322522968,0.000337455918239836,0.00182177844120784,1.01083827387936
"936",0.11,0.88,0.144736842105263,0.00114449071402396,0.00201212257256989,0.00315661328659385,1.02057715895688
"937",0.12,0.88,0.157894736842105,-0.000129324226667429,0.00117968693461312,0.00105036270794569,1.00625096191848
"938",0.13,0.88,0.171052631578947,0.00280319564662445,0.000239468161808785,0.00304266380843323,0.988291930626748
"939",0.14,0.88,0.184210526315789,-0.000361443420620037,0.00720889372757454,0.0068474503069545,1.02298827218238
"940",0.15,0.88,0.197368421052632,0.00411315070971252,0.00430622664573715,0.00841937735544967,0.885024661216362
"941",0.16,0.88,0.210526315789474,0.00446700412722248,-0.000140540445555493,0.00432646368166699,0.949351432364648
"942",0.17,0.88,0.223684210526316,0.00384848282240322,0.00104374351815002,0.00489222634055324,1.03003817657811
"943",0.18,0.88,0.236842105263158,0.0066113028893329,0.000105446224517454,0.00671674911385035,1.00291430635956
"944",0.19,0.88,0.25,-7.26576583753903e-05,-4.27178068128026e-05,-0.000115375465188193,0.990653410481504
"945",0.2,0.88,0.263157894736842,0.00747920762689384,0.000339219563587179,0.00781842719048102,1.0075263172082
"946",0.21,0.88,0.276315789473684,0.00457515844258022,0.00277817788224666,0.00735333632482688,1.02112377752497
"947",0.22,0.88,0.289473684210526,0.00272772575180458,-0.000142975823667484,0.0025847499281371,0.993934918515966
"948",0.23,0.88,0.302631578947368,0.00017342440991639,0.00857893150832445,0.00875235591824084,0.936313284724888
"949",0.24,0.88,0.315789473684211,6.17418372971858e-05,0.000461776075946008,0.000523517913243194,0.966032016896922
"950",0.25,0.88,0.328947368421053,-9.30450371952233e-05,-0.000486380788143135,-0.000579425825338358,0.976882008096114
"951",0.01,0.89,0.0128205128205128,0.000181216075724562,6.02888601506209e-05,0.000241504935875183,1.00428486121921
"952",0.02,0.89,0.0256410256410256,0.00944527582879917,0.00608263810618133,0.0155279139349805,0.985264409315923
"953",0.03,0.89,0.0384615384615385,0.0131539296084833,0.00196873589677016,0.0151226655052534,1.00861616506866
"954",0.04,0.89,0.0512820512820513,0.01011708812032,0.00155843904100285,0.0116755271613229,1.01577994889193
"955",0.05,0.89,0.0641025641025641,0.00246122975478291,-0.000220255321096469,0.00224097443368644,1.00900565654714
"956",0.06,0.89,0.0769230769230769,6.94008915965803e-05,0.00110977269826023,0.00117917358985681,0.974300788974154
"957",0.07,0.89,0.0897435897435897,0.00680323152243605,-0.000168563557877385,0.00663466796455867,1.02006923930503
"958",0.08,0.89,0.102564102564103,0.00184687247214181,-0.000274203056010917,0.0015726694161309,0.960124477054508
"959",0.09,0.89,0.115384615384615,0.00783034327426868,0.0036674582588229,0.0114978015330916,0.967519551301832
"960",0.1,0.89,0.128205128205128,0.000720589534062311,0.0166433709600186,0.017363960494081,1.06833089710481
"961",0.11,0.89,0.141025641025641,0.00305568306502886,-0.000366062148751687,0.00268962091627717,0.994740278215557
"962",0.12,0.89,0.153846153846154,0.00346749693970651,0.000653063415080393,0.0041205603547869,0.999957511690898
"963",0.13,0.89,0.166666666666667,8.15012887048039e-05,0.0120177178263386,0.0120992191150434,0.927948591308483
"964",0.14,0.89,0.179487179487179,0.00582947512331441,0.00944946362247793,0.0152789387457923,1.07312492997987
"965",0.15,0.89,0.192307692307692,0.0101775680446478,0.000636308801238154,0.0108138768458859,0.947641931176596
"966",0.16,0.89,0.205128205128205,0.00428603091035255,0.00445781695474141,0.00874384786509396,0.983541585081497
"967",0.17,0.89,0.217948717948718,0.00788351338180607,0.000619502810652133,0.00850301619245821,1.01280346276905
"968",0.18,0.89,0.230769230769231,8.8116539161122e-05,0.00130948106019824,0.00139759759935936,1.00487605161256
"969",0.19,0.89,0.243589743589744,0.000761594010218061,0.00196788902308207,0.00272948303330013,0.981200554539513
"970",0.2,0.89,0.256410256410256,0.000339931482620035,0.00658831605062638,0.00692824753324641,1.05302605876079
"971",0.21,0.89,0.269230769230769,0.00385698936283936,0.00401549383891378,0.00787248320175314,0.968742404891029
"972",0.22,0.89,0.282051282051282,-5.01588085525019e-05,0.0122222931932341,0.0121721343846816,0.91396186854292
"973",0.23,0.89,0.294871794871795,-6.88597267934081e-05,0.000950932647906342,0.000882072921112934,0.999389896518939
"974",0.24,0.89,0.307692307692308,0.00425482443121183,0.000758015766159674,0.0050128401973715,1.02447775145391
"975",0.25,0.89,0.32051282051282,0.00596080426512105,0.00131480807728825,0.00727561234240931,1.03602891659027
"976",0.01,0.9,0.0125,-3.27321231385806e-05,0.00900547254021523,0.00897274041707665,1.04400119828423
"977",0.02,0.9,0.025,0.00379786778192064,3.26297761027286e-08,0.00379790041169674,0.960404562339841
"978",0.03,0.9,0.0375,0.0250405458595401,0.00101687339743091,0.026057419256971,1.09201776271351
"979",0.04,0.9,0.05,0.00595994169708638,0.00407921121856772,0.0100391529156541,0.910239282724504
"980",0.05,0.9,0.0625,-0.000155295312168904,0.0025001492381024,0.00234485392593349,0.969013139074704
"981",0.06,0.9,0.075,0.00516471400132462,0.00038192401147145,0.00554663801279607,0.968529930190819
"982",0.07,0.9,0.0875,0.0013828565351104,0.00480564162865868,0.00618849816376908,1.05043063563749
"983",0.08,0.9,0.1,0.0061117519336451,0.000213802103048653,0.00632555403669376,1.01638155177141
"984",0.09,0.9,0.1125,9.79850459049649e-05,0.00148907052130665,0.00158705556721162,1.01760167530956
"985",0.1,0.9,0.125,0.00518955191687733,0.00429363592987136,0.00948318784674869,0.981402379723258
"986",0.11,0.9,0.1375,0.0055624247015703,0.00452185427115176,0.0100842789727221,1.0667451336356
"987",0.12,0.9,0.15,-0.000176925378576116,0.000459520446609764,0.000282595068033648,0.982366547647957
"988",0.13,0.9,0.1625,-0.000473242609886432,0.00440426398711915,0.00393102137723271,1.01379631080471
"989",0.14,0.9,0.175,0.0111069427631388,0.00440165304067509,0.0155085958038139,1.0657866996359
"990",0.15,0.9,0.1875,-0.000374955276554245,-0.000286116702175036,-0.000661071978729281,0.984315709602098
"991",0.16,0.9,0.2,0.00129366191875116,0.000869398884026361,0.00216306080277752,0.963746938060806
"992",0.17,0.9,0.2125,0.00163190986260641,0.00473967825565729,0.0063715881182637,1.04332375466766
"993",0.18,0.9,0.225,0.00994619067337101,0.0139221345749934,0.0238683252483644,1.09735846395575
"994",0.19,0.9,0.2375,0.00993571319870363,-7.03513746215277e-05,0.0098653618240821,1.03400629579519
"995",0.2,0.9,0.25,0.00156927314189042,0.00474349712169038,0.00631277026358079,0.976802852480764
"996",0.21,0.9,0.2625,0.0021215280458702,0.00178785513282915,0.00390938317869935,0.995589024204921
"997",0.22,0.9,0.275,0.00184949881568184,9.13967564325076e-05,0.00194089557211434,0.946070497820568
"998",0.23,0.9,0.2875,0.000620255364474226,0.00530756003393369,0.00592781539840792,1.0142737037658
"999",0.24,0.9,0.3,0.000114346023450721,0.0286931215593725,0.0288074675828232,1.0665319160672
"1000",0.25,0.9,0.3125,0.00191799309566062,0.000149863144776276,0.00206785624043689,1.00390815523866
